sourceFile,drugCode,genericName,specification,unit,series,category,metadata.englishName,metadata.chineseAcronym,metadata.brandName,metadata.commonDosage,metadata.recommendedDosages,metadata.recommendedFrequency,metadata.form,metadata.route,metadata.indications,metadata.contraindications,metadata.sideEffects,metadata.drugInteractions,metadata.specialInstructions,metadata.pregnancyCategory,metadata.renalAdjustment,metadata.hepaticAdjustment,metadata.frequency1,metadata.frequency2,metadata.frequency3,metadata.frequency4
insulin-and-analogs.ts,human-insulin,人胰岛素,100IU/ml(10ml),IU,胰岛素及类似物,糖尿病用药,Insulin (Human),RYDS,诺和灵R,4-10单位,,qd,,sc,1型糖尿病;2型糖尿病;糖尿病酮症酸中毒,胰岛素或其成分过敏;低血糖症,低血糖;注射部位反应;体重增加;过敏反应,酒精;β受体阻滞剂;水杨酸类,,,,,qd,bid,tid,
insulin-and-analogs.ts,human-insulin-30-70,人胰岛素30/70,100IU/ml(10ml),IU,胰岛素及类似物,糖尿病用药,Insulin (Human),RYDS3,诺和灵30R,4-30单位,,bid,,sc,1型糖尿病;2型糖尿病,胰岛素过敏;低血糖症,低血糖;注射部位反应;体重增加,酒精;β受体阻滞剂,,,,,bid,,,
insulin-and-analogs.ts,insulin-detemir,地特胰岛素,100IU/ml(3ml),IU,胰岛素及类似物,糖尿病用药,Insulin Detemir,DTYDS,诺和平,10-40单位,,qd,,sc,1型糖尿病;2型糖尿病,胰岛素过敏;低血糖症,低血糖;注射部位反应;体重增加,酒精;β受体阻滞剂,,,,,qd,bid,,
insulin-and-analogs.ts,insulin-degludec,德谷胰岛素,100IU/ml(3ml),IU,胰岛素及类似物,糖尿病用药,Insulin Degludec,DGYDS,诺和达,10-40单位,,qd,,sc,1型糖尿病;2型糖尿病,胰岛素过敏;低血糖症,低血糖;注射部位反应;体重增加,酒精;β受体阻滞剂,,,,,qd,,,
insulin-and-analogs.ts,insulin-glargine,甘精胰岛素,100IU/ml(3ml),IU,胰岛素及类似物,糖尿病用药,Insulin Glargine,GJYDS,来得时,10-40单位,,qd,,sc,1型糖尿病;2型糖尿病,胰岛素过敏;低血糖症,低血糖;注射部位反应;体重增加,酒精;β受体阻滞剂,,,,,qd,,,
insulin-and-analogs.ts,insulin-glulisine,谷赖胰岛素,100IU/ml(3ml),IU,胰岛素及类似物,糖尿病用药,Insulin Glulisine,GLYDS,速秀霖,10-40单位,,qd,,sc,1型糖尿病;2型糖尿病,胰岛素过敏;低血糖症,低血糖;注射部位反应;体重增加,酒精;β受体阻滞剂,,,,,qd,bid,,
insulin-and-analogs.ts,insulin-lispro,赖脯胰岛素,100IU/ml(3ml);100IU/ml(10ml),IU,胰岛素及类似物,糖尿病用药,Insulin Lispro,LPYDS,优泌乐,4-20单位,,bid,,sc,1型糖尿病;2型糖尿病,胰岛素过敏;低血糖症,低血糖;注射部位反应;体重增加,酒精;β受体阻滞剂,,,,,bid,tid,,
insulin-and-analogs.ts,insulin-lispro-25,赖脯胰岛素25,100IU/ml(3ml),IU,胰岛素及类似物,糖尿病用药,Insulin Lispro 25,LPYDS2,优泌乐25,4-30单位,,bid,,sc,1型糖尿病;2型糖尿病,胰岛素过敏;低血糖症,低血糖;注射部位反应;体重增加,酒精;β受体阻滞剂,,,,,bid,,,
insulin-and-analogs.ts,insulin-lispro-50,赖脯胰岛素50,100IU/ml(3ml),IU,胰岛素及类似物,糖尿病用药,Insulin Lispro 50,LPYDS5,优泌乐50,4-30单位,,bid,,sc,1型糖尿病;2型糖尿病,胰岛素过敏;低血糖症,低血糖;注射部位反应;体重增加,酒精;β受体阻滞剂,,,,,bid,,,
insulin-and-analogs.ts,insulin-aspart,门冬胰岛素,100IU/ml(3ml),IU,胰岛素及类似物,糖尿病用药,Insulin Aspart,MDYDS,诺和锐,4-20单位,,bid,,sc,1型糖尿病;2型糖尿病,胰岛素过敏;低血糖症,低血糖;注射部位反应;体重增加,酒精;β受体阻滞剂,,,,,bid,tid,,
insulin-and-analogs.ts,insulin-aspart-30,门冬胰岛素30,100IU/ml(3ml),IU,胰岛素及类似物,糖尿病用药,Insulin Aspart 30,MDYDS3,诺和锐30,4-30单位,,bid,,sc,1型糖尿病;2型糖尿病,胰岛素过敏;低血糖症,低血糖;注射部位反应;体重增加,酒精;β受体阻滞剂,,,,,bid,,,
insulin-and-analogs.ts,insulin-aspart-50,门冬胰岛素50,100IU/ml(3ml),IU,胰岛素及类似物,糖尿病用药,Insulin Aspart 50,MDYDS5,诺和锐50,4-30单位,,bid,,sc,1型糖尿病;2型糖尿病,胰岛素过敏;低血糖症,低血糖;注射部位反应;体重增加,酒精;β受体阻滞剂,,,,,bid,,,
biguanides.ts,metformin,二甲双胍,250mg;500mg;850mg,mg,双胍类,糖尿病用药,Metformin,EJSG,格华止,500-1000mg,,bid,,po,2型糖尿病;多囊卵巢综合征,肾功能不全(eGFR<30);严重肝功能不全;心力衰竭;代谢性酸中毒,胃肠道反应;乳酸性酸中毒;维生素B12缺乏,造影剂;酒精;利尿剂,,,,,bid,tid,,
biguanides.ts,metformin-xr,二甲双胍缓释片,500mg;750mg,mg,双胍类,糖尿病用药,Metformin XR,EJSGHSP,格华止XR,500-2000mg,,qd,,po,2型糖尿病,肾功能不全(eGFR<30);严重肝功能不全,胃肠道反应;乳酸性酸中毒,造影剂;酒精;利尿剂,,,,,qd,bid,,
inhibitors.ts,linagliptin,利格列汀,5mg,mg,DPP-4抑制剂,糖尿病用药,Linagliptin,LGLT,欧唐宁,5mg,,qd,,po,2型糖尿病,1型糖尿病;胰腺炎病史,鼻咽炎;上呼吸道感染,利福平,,,,,qd,,,
inhibitors.ts,saxagliptin,沙格列汀,2.5mg;5mg,mg,DPP-4抑制剂,糖尿病用药,Saxagliptin,SGLT,安立泽,5mg,,qd,,po,2型糖尿病,1型糖尿病;胰腺炎病史,上呼吸道感染;尿路感染;头痛,强CYP3A4抑制剂,,,,,qd,,,
inhibitors.ts,vildagliptin,维格列汀,50mg,mg,DPP-4抑制剂,糖尿病用药,Vildagliptin,WGLT,佳维乐,50-100mg,,qd,,po,2型糖尿病,1型糖尿病;对本品过敏,头晕;头痛;肝酶升高风险,无显著相互作用,,,,,qd,bid,,
inhibitors.ts,sitagliptin,西格列汀,25mg;50mg;100mg,mg,DPP-4抑制剂,糖尿病用药,Sitagliptin,XGLT,捷诺维,100mg,,qd,,po,2型糖尿病,1型糖尿病;胰腺炎病史,上呼吸道感染;头痛;关节痛;胰腺炎,强CYP3A4诱导剂,,,,,qd,,,
inhibitors.ts,canagliflozin,卡格列净,100mg;300mg,mg,SGLT-2抑制剂,糖尿病用药,Canagliflozin,KGLJ,怡可安,100-300mg,,qd,,po,2型糖尿病,1型糖尿病;严重肾功能不全(eGFR<30),生殖器感染;骨折风险;截肢风险,利尿剂;地高辛,,,,,qd,,,
inhibitors.ts,empagliflozin,恩格列净,10mg;25mg,mg,SGLT-2抑制剂,糖尿病用药,Empagliflozin,EGLJ,欧唐静,10-25mg,,qd,,po,2型糖尿病;心力衰竭,1型糖尿病;严重肾功能不全(eGFR<30),生殖器感染;尿路感染;酮症酸中毒,利尿剂;胰岛素,,,,,qd,,,
inhibitors.ts,dapagliflozin,达格列净,5mg;10mg,mg,SGLT-2抑制剂,糖尿病用药,Dapagliflozin,DGLJ,安达唐,10mg,,qd,,po,2型糖尿病,1型糖尿病;严重肾功能不全(eGFR<30),生殖器感染;尿路感染;多尿;脱水,利尿剂;胰岛素,,,,,qd,,,
inhibitors.ts,ertugliflozin,依格列净,5mg;15mg,mg,SGLT-2抑制剂,糖尿病用药,Ertugliflozin,YGLJ,怡可静,5-15mg,,qd,,po,2型糖尿病,1型糖尿病;严重肾功能不全;透析,泌尿生殖系统感染;低血压;酮症酸中毒,利尿剂;胰岛素,,,,,qd,,,
sulfonylureas.ts,glibenclamide,格列本脲,2.5mg;5mg,mg,磺脲类,糖尿病用药,Glibenclamide,GLBN,优降糖,25-15mg,,qd,,po,2型糖尿病,1型糖尿病;严重肝肾功能不全;妊娠,低血糖;体重增加;皮疹,酒精;水杨酸类;磺胺类,,,,,qd,bid,,
sulfonylureas.ts,glimepiride,格列美脲,1mg;2mg;3mg,mg,磺脲类,糖尿病用药,Glimepiride,GLMN,亚莫利,1-8mg,,qd,,po,2型糖尿病,1型糖尿病;严重肝肾功能不全;妊娠,低血糖;体重增加;皮疹,酒精;水杨酸类;氟康唑,,,,,qd,,,
sulfonylureas.ts,gliclazide,格列齐特,30mg;80mg,mg,磺脲类,糖尿病用药,Gliclazide,GLQT,达美康,30-120mg,,qd,,po,2型糖尿病,1型糖尿病;严重肝肾功能不全;妊娠,低血糖;体重增加;皮疹;血液系统异常,酒精;水杨酸类;磺胺类,,,,,qd,bid,,
sulfonylureas.ts,glipizide,格列吡嗪,5mg,mg,磺脲类,糖尿病用药,Glipizide,GLBQ,瑞易宁,2.5-20mg,,qd,,po,2型糖尿病,1型糖尿病;酮症酸中毒;严重肝肾功能不全,低血糖;体重增加,氟康唑;华法林,,,,,qd,bid,,
thiazolidinediones.ts,pioglitazone,吡格列酮,15mg;30mg,mg,噻唑烷二酮类,糖尿病用药,Pioglitazone,BGLT,艾可拓,15-30mg,,qd,,po,2型糖尿病,心力衰竭;活动性膀胱癌;严重肝功能不全,水肿;体重增加;骨折风险;心力衰竭,胰岛素;CYP2C8抑制剂(吉非贝齐),,,,,qd,,,
thiazolidinediones.ts,rosiglitazone,罗格列酮,4mg;8mg,mg,噻唑烷二酮类,糖尿病用药,Rosiglitazone,LGLT,文迪雅,4-8mg,,qd,,po,2型糖尿病,心力衰竭;活动性肝病;膀胱癌,水肿;体重增加;心力衰竭;骨折风险,胰岛素;硝酸酯类,,,,,qd,bid,,
glinides.ts,repaglinide,瑞格列奈,0.5mg;1mg;2mg,mg,格列奈类,糖尿病用药,Repaglinide,RGLN,诺和龙,05-4mg,,tid,,po,2型糖尿病,1型糖尿病;严重肝功能不全;与吉非贝齐合用,低血糖;体重增加;上呼吸道感染,吉非贝齐;克拉霉素;利福平,,,,,tid,,,
glinides.ts,nateglinide,那格列奈,60mg;120mg,mg,格列奈类,糖尿病用药,Nateglinide,NGLN,唐力,60-180mg,,tid,,po,2型糖尿病,1型糖尿病;酮症酸中毒,低血糖;体重增加;腹泻,吉非罗齐;NSAIDs,,,,,tid,,,
alpha-glucosidase-inhibitors.ts,voglibose,伏格列波糖,0.2mg;0.3mg,mg,糖苷酶抑制剂,糖尿病用药,Voglibose,FGLBT,倍欣,02-03mg,,tid,,po,2型糖尿病;糖耐量异常,肠道疾病;肝硬化,胃肠胀气;腹泻;肝功能异常,消化酶制剂,,,,,tid,,,
alpha-glucosidase-inhibitors.ts,acarbose,阿卡波糖,50mg;100mg,mg,糖苷酶抑制剂,糖尿病用药,Acarbose,AKBT,拜糖苹,50-100mg,,tid,,po,2型糖尿病;糖耐量异常,肠道疾病;肝硬化,胃肠胀气;腹泻;腹痛,消化酶制剂;炭类药物,,,,,tid,,,
glp1-agonists.ts,liraglutide,利拉鲁肽,6mg/ml(3ml),mg,受体激动剂及相关药物,糖尿病用药,Liraglutide,LLLT,诺和力,06-18mg,,qd,,sc,2型糖尿病,甲状腺髓样癌家族史;2型多发性内分泌腺瘤综合征,胃肠道反应;胰腺炎;甲状腺C细胞瘤,胃排空延迟的药物,,,,,qd,,,
glp1-agonists.ts,semaglutide,司美格鲁肽,1.34mg/ml(1.5ml),mg,受体激动剂及相关药物,糖尿病用药,Semaglutide,SMGLT,诺和德,025-1mg,,qw,,sc,2型糖尿病,甲状腺髓样癌家族史;2型多发性内分泌腺瘤综合征,胃肠道反应;胰腺炎;视网膜病变恶化,胃排空延迟的药物,,,,,qw,,,
glp1-agonists.ts,semaglutide-oral,司美格鲁肽口服片,3mg;7mg;14mg,mg,受体激动剂及相关药物,糖尿病用药,Oral Semaglutide,SMGLTKFP,诺和益,3-14mg,,qd,,po,2型糖尿病,甲状腺髓样癌家族史;2型多发性内分泌腺瘤综合征,胃肠道反应;胰腺炎;视网膜病变恶化,胃排空延迟的药物,,,,,qd,,,
glp1-agonists.ts,dulaglutide,度拉鲁肽,0.75mg/0.5ml;1.5mg/0.5ml,mg,受体激动剂及相关药物,糖尿病用药,Dulaglutide,DLLT,度易达,075-45mg,,qw,,sc,2型糖尿病,甲状腺髓样癌家族史;2型多发性内分泌腺瘤综合征,胃肠道反应;胰腺炎;胆囊疾病,胃排空延迟的药物;胰岛素,,,,,qw,,,
glp1-agonists.ts,tirzepatide,替尔泊肽,2.5mg/0.5ml;5mg/0.5ml,mg,双重激动剂,糖尿病用药,Tirzepatide,TEPT,穆峰达,25-15mg,,qw,,sc,2型糖尿病,甲状腺髓样癌家族史;2型多发性内分泌腺瘤综合征,胃肠道反应;胰腺炎;胆囊疾病,胃排空延迟的药物;胰岛素,,,,,qw,,,
glp1-agonists.ts,loxenatide-peg,聚乙二醇洛塞那肽,0.1mg;0.2mg,mg,受体激动剂及相关药物,糖尿病用药,Polyethylene Glycol Loxenatide,JYECLSNT,孚来美,01-02mg,,qw,,sc,2型糖尿病,甲状腺髓样癌家族史;2型多发性内分泌腺瘤综合征,胃肠道反应;注射部位反应;低血糖,胃排空延迟的药物,,,,,qw,,,
glp1-agonists.ts,exenatide,艾塞那肽,10mg/2ml;14mg/2ml,mg,受体激动剂及相关药物,糖尿病用药,Exenatide,ASNT,艾塞那肽,10-15mg,,qw,,sc,2型糖尿病,甲状腺髓样癌家族史;2型多发性内分泌腺瘤综合征,胃肠道反应;胰腺炎;低血糖,胰岛素;磺脲类,,,,,qw,,,
glp1-agonists.ts,beinaglutide,贝那鲁肽,5mg/1.5ml,mg,受体激动剂及相关药物,糖尿病用药,Beinaglutide,BNLT,谊生泰,06-24mg,,qw,,sc,2型糖尿病,甲状腺髓样癌家族史;2型多发性内分泌腺瘤综合征,胃肠道反应;胰腺炎;胆囊疾病,胃排空延迟的药物,,,,,qw,,,
combination-therapies.ts,vildagliptin-metformin,维格列汀二甲双胍,50mg/500mg;50mg/850mg;50mg/1000mg,mg,复方降糖药抑制剂双胍,糖尿病用药,Vildagliptin/Metformin,WGLTEJSG,佳维达,1片,,bid,,po,2型糖尿病(单药控制不佳),1型糖尿病;肾功能不全;肝功能不全,胃肠道反应;头晕;肝酶升高风险,造影剂;酒精,,,,,bid,,,
combination-therapies.ts,valsartan-metformin,缬沙坦二甲双胍,80mg/500mg;160mg/500mg,mg,复方降糖降压药双胍,糖尿病用药,Valsartan/Metformin,XSTEJSG,倍坦丁,1-2片,,bid,,po,2型糖尿病合并高血压,肾功能不全(eGFR<30);妊娠;代谢性酸中毒,胃肠道反应;高钾血症;头晕;乳酸性酸中毒,造影剂;酒精;保钾利尿剂,,,,,bid,,,
combination-therapies.ts,sitagliptin-metformin,西格列汀二甲双胍,50mg/500mg;50mg/850mg;50mg/1000mg,mg,复方降糖药抑制剂双胍,糖尿病用药,Sitagliptin/Metformin,XGLTEJSG,捷诺达,1片,,bid,,po,2型糖尿病(单药控制不佳),1型糖尿病;肾功能不全(eGFR<30);胰腺炎病史,胃肠道反应;上呼吸道感染;乳酸性酸中毒,造影剂;酒精;利尿剂,,,,,bid,,,
cardiovascular.ts,ezetimibe,依折麦布,10mg,mg,胆固醇吸收抑制剂,心血管用药,Ezetimibe,YZMB,益适纯,10mg,,qd,,po,血脂异常,活动性肝病;妊娠;哺乳,腹痛;腹泻;疲劳,环孢素;消胆胺,,,,,qd,,,
cardiovascular.ts,evolocumab,依洛尤单抗,140mg/ml,mg,PCSK9抑制剂,心血管用药,Evolocumab,YLYDK,瑞百安,140mg每2周或420mg每月,,q2w,,sc,纯合子家族性高胆固醇血症;动脉粥样硬化性心血管病,对本品过敏,鼻咽炎;流感;注射部位反应,无显著相互作用,,,,,q2w,q4w,,
cardiovascular.ts,gabapentin,加巴喷丁,100mg;300mg;400mg,mg,神经调节剂,心血管用药,Gabapentin,JBPD,加巴喷丁,300-1800mg,,tid,,po,糖尿病周围神经痛;癫痫,无,头晕;嗜睡;疲劳;共济失调,抗酸剂;阿片类药物,,,,,tid,,,
cardiovascular.ts,irbesartan,厄贝沙坦,75mg;150mg;300mg,mg,类,心血管用药,Irbesartan,EBST,安博维,150-300mg,,qd,,po,糖尿病肾病;高血压,妊娠;双侧肾动脉狭窄;高钾血症,高钾血症;头晕;疲劳,钾补充剂;ACE抑制剂,,,,,qd,,,
cardiovascular.ts,indapamide,吲达帕胺,1.5mg;2.5mg,mg,噻嗪样利尿剂,心血管用药,Indapamide,YDPA,寿比山,15-25mg,,qd,,po,高血压,严重肾功能不全;对磺胺类过敏,低钾血症;头痛;疲劳,锂剂;其他降压药,,,,,qd,,,
cardiovascular.ts,furosemide,呋塞米,20mg;40mg,mg,袢利尿剂,心血管用药,Furosemide,FSM,速尿,20-80mg,,qd,,iv,高血压危象;心力衰竭;水肿,无尿;严重电解质紊乱,电解质紊乱;脱水;耳毒性,氨基糖苷类抗生素;地高辛,,,,,qd,bid,,
cardiovascular.ts,perindopril,培哚普利,2mg;4mg;8mg,mg,ACE抑制剂,心血管用药,Perindopril,PDPL,雅施达,4-8mg,,qd,,po,糖尿病肾病;高血压,妊娠;血管性水肿史,干咳;高钾血症;血管性水肿,钾补充剂;锂制剂,,,,,qd,,,
cardiovascular.ts,perindopril-amlodipine,培哚普利氨氯地平,2mg/5mg;4mg/5mg;8mg/10mg,mg,复方降压药,心血管用药,Perindopril/Amlodipine,PDPLALDP,雅施达达,1片,,qd,,po,高血压(单药控制不佳),妊娠;血管性水肿史;双侧肾动脉狭窄,外周水肿;干咳;头晕;踝部肿胀,钾补充剂;锂制剂;NSAIDs,,,,,qd,,,
cardiovascular.ts,duloxetine,度洛西汀,20mg;30mg;60mg,mg,抗抑郁剂,心血管用药,Duloxetine,DLXT,欣百达,60mg,,qd,,po,糖尿病周围神经痛;抑郁症,MAO抑制剂;严重肝功能不全,恶心;头痛;口干;便秘,MAO抑制剂;华法林;CYP1A2抑制剂,,,,,qd,,,
cardiovascular.ts,pravastatin,普伐他汀,10mg;20mg;40mg,mg,他汀类,心血管用药,Pravastatin,PFTT,美百乐镇,20-40mg,,qd,,po,血脂异常;冠心病,活动性肝病;妊娠;哺乳,胃肠道反应;肝酶升高;肌痛,贝特类;环孢素,,,,,qd,,,
cardiovascular.ts,pregabalin,普瑞巴林,25mg;75mg;150mg,mg,神经调节剂,心血管用药,Pregabalin,PRBL,乐瑞卡,75-300mg,,bid,,po,糖尿病周围神经痛;带状疱疹后神经痛,无,头晕;嗜睡;体重增加;外周水肿,酒精;阿片类镇痛剂,,,,,bid,,,
cardiovascular.ts,alirocumab,阿利西尤单抗,75mg/ml;150mg/ml,mg,PCSK9抑制剂,心血管用药,Alirocumab,ALXYDK,波立达,75-150mg,,q2w,,sc,原发性高胆固醇血症;混合性血脂异常,对本品过敏,流感样症状;注射部位反应,无显著相互作用,,,,,q2w,,,
cardiovascular.ts,amiodarone,胺碘酮,200mg,mg,III类抗心律失常药,心血管用药,Amiodarone,ADT,可达龙,200-400mg,,tid,,po,室性心律失常;房颤,严重心动过缓;甲状腺功能异常,甲状腺功能异常;肺毒性;肝毒性,华法林;地高辛;β受体阻滞剂,,,,,tid,qd,,
cardiovascular.ts,amlodipine,氨氯地平,2.5mg;5mg;10mg,mg,钙通道阻滞剂,心血管用药,Amlodipine,ALDP,络活喜,5-10mg,,qd,,po,高血压;冠心病,无,踝部水肿;头痛;潮红;心悸,西柚汁;CYP3A4抑制剂,,,,,qd,,,
cardiovascular.ts,aspirin-enteric-coated,阿司匹林肠溶片,25mg;50mg;100mg,mg,抗血小板药,心血管用药,Aspirin Enteric-coated,ASPLCRP,拜阿司匹灵,75-100mg,,qd,,po,冠心病;脑卒中;血栓预防,活动性出血;严重肝功能不全;阿司匹林过敏,出血;胃肠道反应;过敏反应,华法林;甲氨蝶呤;ACE抑制剂,,,,,qd,,,
cardiovascular.ts,atenolol,阿替洛尔,25mg;50mg;100mg,mg,β受体阻滞剂,心血管用药,Atenolol,ATLE,氨酰心安,50-100mg,,qd,,po,高血压;冠心病,哮喘;严重心动过缓;心源性休克,心动过缓;疲劳;四肢发冷,胰岛素;钙通道阻滞剂,,,,,qd,bid,,
cardiovascular.ts,atorvastatin,阿托伐他汀,10mg;20mg;40mg;80mg,mg,他汀类,心血管用药,Atorvastatin,ATFTT,立普妥,20-40mg,,qd,,po,血脂异常;冠心病,活动性肝病;妊娠;哺乳,肌痛;肝酶升高;横纹肌溶解,环孢素;红霉素;西柚汁,,,,,qd,,,
cardiovascular.ts,bisoprolol,比索洛尔,2.5mg;5mg;10mg,mg,β受体阻滞剂,心血管用药,Bisoprolol,BSLE,康忻,2.5-10mg,,qd,,po,高血压;冠心病;慢性心力衰竭,严重心动过缓;急性心力衰竭;哮喘,心动过缓;疲劳;头晕,维拉帕米;利福平;降糖药,,,,,qd,,,
cardiovascular.ts,clopidogrel,氯吡格雷,25mg;75mg,mg,抗血小板药,心血管用药,Clopidogrel,LBGL,波立维,75mg,,qd,,po,冠心病;脑卒中;外周血管病,活动性出血;严重肝功能不全,出血;皮疹;腹泻,质子泵抑制剂;华法林;CYP2C19抑制剂,,,,,qd,,,
cardiovascular.ts,felodipine,非洛地平,2.5mg;5mg;10mg,mg,钙通道阻滞剂,心血管用药,Felodipine,FLDP,波依定,5-10mg,,qd,,po,高血压;稳定性心绞痛,失代偿性心力衰竭;急性心肌梗死,外周水肿;头痛;面部潮红,CYP3A4抑制剂(如伊曲康唑);西柚汁,,,,,qd,,,
cardiovascular.ts,fenofibrate,非诺贝特,100mg;200mg,mg,贝特类,心血管用药,Fenofibrate,FNBT,力平脂,200mg,,qd,,po,血脂异常;混合性血脂异常,严重肝肾功能不全;胆囊疾病,肌痛;胃肠道反应;肝酶升高,华法林;他汀类药物,,,,,qd,,,
cardiovascular.ts,hydrochlorothiazide,氢氯噻嗪,25mg,mg,噻嗪类利尿剂,心血管用药,Hydrochlorothiazide,QLSQ,双克,12.5-25mg,,qd,,po,高血压;水肿,无尿;对磺胺类药物过敏,低钾血症;高尿酸血症;高血糖,锂剂;地高辛;降压药,,,,,qd,,,
cardiovascular.ts,losartan,氯沙坦,50mg;100mg,mg,ARB类,心血管用药,Losartan,LST,科素亚,50-100mg,,qd,,po,高血压;糖尿病肾病,妊娠;高钾血症,高钾血症;头晕;背痛,保钾利尿剂;锂剂,,,,,qd,,,
cardiovascular.ts,metoprolol-succinate,美托洛尔缓释片,23.75mg;47.5mg;95mg,mg,β受体阻滞剂,心血管用药,Metoprolol Succinate,MTLEHSP,倍他乐克,47.5-95mg,,qd,,po,高血压;冠心病;心律失常,哮喘;严重心动过缓;心源性休克,心动过缓;疲劳;性功能障碍,胰岛素;利多卡因;维拉帕米,,,,,qd,,,
cardiovascular.ts,mexiletine,美西律,50mg;100mg;150mg,mg,Ib类抗心律失常药,心血管用药,Mexiletine,MXL,慢心律,150-300mg,,tid,,po,室性心律失常,严重心传导阻滞;心源性休克,头晕;恶心;震颤,苯妥英钠;利多卡因,,,,,tid,,,
cardiovascular.ts,nifedipine,硝苯地平缓释片,10mg;20mg;30mg,mg,钙通道阻滞剂,心血管用药,Nifedipine,XBDPHSP,拜心同,30-60mg,,bid,,po,高血压;冠心病,心源性休克;主动脉狭窄,踝部水肿;头痛;面部潮红,西柚汁;利福平,,,,,bid,,,
cardiovascular.ts,ranibizumab,雷珠单抗,10mg/ml(0.23ml),mg,VEGF抑制剂,心血管用药,Ranibizumab,LZDK,诺适得,0.5mg,,q4w,,ivt,糖尿病黄斑水肿;糖尿病视网膜病变,眼部或眼周感染,眼压升高;结膜出血;眼痛,无特殊相互作用,,,,,q4w,,,
cardiovascular.ts,rosuvastatin,瑞舒伐他汀,5mg;10mg;20mg;40mg,mg,他汀类,心血管用药,Rosuvastatin,RSFTT,可定,10-20mg,,qd,,po,血脂异常;冠心病,活动性肝病;妊娠;哺乳,肌痛;肝酶升高;横纹肌溶解,环孢素;华法林,,,,,qd,,,
cardiovascular.ts,simvastatin,辛伐他汀,5mg;10mg;20mg;40mg,mg,他汀类,心血管用药,Simvastatin,XFTT,舒降之,20-40mg,,qd,,po,血脂异常,活动性肝病;妊娠;哺乳,肌痛;肝酶升高;横纹肌溶解,环孢素;红霉素;西柚汁,,,,,qd,,,
cardiovascular.ts,spironolactone,螺内酯,20mg;40mg,mg,保钾利尿剂,心血管用药,Spironolactone,LNZ,安体舒通,20-40mg,,qd,,po,高血压;心力衰竭;水肿,高钾血症;严重肾功能不全,高钾血症;男性乳房发育,ACEI/ARB;钾补充剂,,,,,qd,bid,,
cardiovascular.ts,valsartan,缬沙坦,40mg;80mg;160mg,mg,ARB类,心血管用药,Valsartan,XST,代文,80-160mg,,qd,,po,糖尿病肾病;高血压,妊娠;双侧肾动脉狭窄,高钾血症;头晕;咳嗽,钾补充剂;锂制剂,,,,,qd,,,
cardiovascular.ts,aspirin-clopidogrel,阿司匹林氯吡格雷,100mg/75mg,mg,复方抗血小板药,心血管用药,Aspirin/Clopidogrel,ASPLLBGL,泰嘉达,1片,,qd,,po,急性冠脉综合征;缺血性脑卒中;外周动脉疾病,活动性出血;严重肝功能不全;对成分过敏,出血;胃肠道反应;皮疹;血小板减少,抗凝药;PPI;CYP2C19抑制剂,,,,,qd,,,
cardiovascular.ts,hydrochlorothiazide-valsartan,氢氯噻嗪缬沙坦,12.5mg/80mg;12.5mg/160mg;25mg/160mg,mg,复方降压药,心血管用药,Hydrochlorothiazide/Valsartan,QLSQXST,代文达,1片,,qd,,po,高血压(需要联合治疗),无尿;严重肾功能不全;妊娠;对磺胺过敏,低钾血症;高尿酸血症;头晕;电解质紊乱,锂剂;NSAIDs;降糖药,,,,,qd,,,
cardiovascular.ts,metoprolol-amlodipine,美托洛尔氨氯地平,25mg/2.5mg;50mg/5mg;100mg/5mg,mg,复方降压药,心血管用药,Metoprolol/Amlodipine,MTLEALDP,倍他达,1片,,qd,,po,高血压;心绞痛,哮喘;心动过缓;心力衰竭;妊娠,外周水肿;疲劳;心动过缓;踝部肿胀,西咪替丁;维拉帕米;胰岛素,,,,,qd,bid,,
cardiovascular.ts,sacubitril-valsartan,沙库巴曲缬沙坦,50mg;100mg;200mg,mg,ARNI复方制剂,心血管用药,Sacubitril/Valsartan,SKBQXST,诺欣妥,100-200mg,,bid,,po,高血压;心力衰竭,有血管性水肿病史;与ACEI联用,低血压;高钾血症;肾功能损害,ACEI;保钾利尿剂;NSAIDs,,,,,bid,,,
cardiovascular.ts,valsartan-amlodipine,缬沙坦氨氯地平,80mg/5mg;160mg/5mg,mg,复方降压药,心血管用药,Valsartan/Amlodipine,XSTALDP,倍博特,1片,,qd,,po,高血压,对成分过敏;妊娠,外周水肿;头晕;鼻咽炎,其他降压药;保钾利尿剂;锂剂,,,,,qd,,,
cardiovascular.ts,enalapril,依那普利,2.5mg;5mg;10mg;20mg,mg,ACE抑制剂,心血管用药,Enalapril,YNPL,悦宁定,2.5-40mg,,qd,,po,高血压;心力衰竭;糖尿病肾病,血管神经性水肿;妊娠;高钾血症;双侧肾动脉狭窄,干咳;血管神经性水肿;高钾血症;头晕,利尿剂;钾补充剂;锂剂,首剂现象注意低血压,D,肾功能不全时减量,正常剂量,qd,,,
cardiovascular.ts,telmisartan,替米沙坦,20mg;40mg;80mg,mg,ARB类,心血管用药,Telmisartan,TMST,美卡素,20-80mg,,qd,,po,高血压;糖尿病肾病;心血管事件预防,妊娠;高钾血症;胆道疾病,头晕;上呼吸道感染;背痛,地高辛;华法林;锂剂,可与或不与食物同服,D,正常剂量,轻中度肝功能损害无需调整,qd,,,
cardiovascular.ts,metoprolol,美托洛尔,12.5mg;25mg;50mg;100mg,mg,选择性β1受体阻滞剂,心血管用药,Metoprolol,MTLE,倍他乐克,25-200mg,,qd,,po,高血压;心绞痛;心力衰竭;心肌梗死,哮喘;严重心力衰竭;窦性心动过缓,疲劳;头晕;失眠;胃肠道反应,胰岛素;地高辛;西咪替丁,可与食物同服,C,正常剂量,肝功能损害时减量,qd,,,
cardiovascular.ts,gemfibrozil,吉非罗齐,300mg;600mg,mg,贝特类,心血管用药,Gemfibrozil,JFLQ,诺衡,600-1200mg,,bid,,po,高甘油三酯血症;混合型血脂异常,胆囊疾病;严重肝肾功能不全,胃肠道反应;肌病;胆石症,华法林;他汀类;瑞格列奈,餐前30分钟服用,C,肾功能不全时减量,肝功能损害时禁用,bid,,,
cardiovascular.ts,ramipril,雷米普利,1.25mg;2.5mg;5mg;10mg,mg,ACE抑制剂类,心血管用药,Ramipril,LMPL,瑞泰,2.5-10mg,,qd,,po,高血压;心力衰竭;心梗后,血管神经性水肿;妊娠;双侧肾动脉狭窄,干咳;高钾血症;头晕;血管神经性水肿,钾补充剂;NSAID;锂剂,可与或不与食物同服,D,肾功能不全时减量,肝功能损害时减量,qd,,,
cardiovascular.ts,lisinopril,赖诺普利,5mg;10mg;20mg,mg,ACE抑制剂类,心血管用药,Lisinopril,LNPL,捷赐瑞,10-40mg,,qd,,po,高血压;心力衰竭,血管神经性水肿;妊娠;双侧肾动脉狭窄,干咳;高钾血症;头晕,钾补充剂;NSAID;锂剂,可与或不与食物同服,D,肾功能不全时减量,正常剂量,qd,,,
cardiovascular.ts,benazepril,贝那普利,5mg;10mg;20mg,mg,ACE抑制剂类,心血管用药,Benazepril,BNPL,洛汀新,10-40mg,,qd,,po,高血压,血管神经性水肿;妊娠;双侧肾动脉狭窄,干咳;高钾血症;头晕,钾补充剂;NSAID;锂剂,可与或不与食物同服,D,肾功能不全时减量,肝功能损害时谨慎,qd,,,
cardiovascular.ts,fosinopril,福辛普利,10mg;20mg,mg,ACE抑制剂类,心血管用药,Fosinopril,FXPL,蒙诺,10-40mg,,qd,,po,高血压;心力衰竭,血管神经性水肿;妊娠;双侧肾动脉狭窄,干咳;高钾血症;头晕,钾补充剂;NSAID;锂剂,可与或不与食物同服,D,正常剂量,正常剂量,qd,,,
cardiovascular.ts,olmesartan,奥美沙坦,10mg;20mg;40mg,mg,ARB类,心血管用药,Olmesartan,AMST,傲坦,20-40mg,,qd,,po,高血压,妊娠;双侧肾动脉狭窄,头晕;高钾血症;腹泻,钾补充剂;锂剂,可与或不与食物同服,D,肾功能不全时谨慎,肝功能损害时谨慎,qd,,,
cardiovascular.ts,candesartan,坎地沙坦,4mg;8mg;16mg;32mg,mg,ARB类,心血管用药,Candesartan,KDST,必洛斯,8-32mg,,qd,,po,高血压;心力衰竭,妊娠;双侧肾动脉狭窄,头晕;高钾血症;头痛,钾补充剂;锂剂,可与或不与食物同服,D,肾功能不全时谨慎,肝功能损害时减量,qd,,,
cardiovascular.ts,candesartan_cilexetil,坎地沙坦酯,8mg,mg,ARB类,心血管用药,Candesartan Cilexetil,KDSTZ,必洛斯,8-16mg,,qd,,po,高血压;心力衰竭,妊娠;双侧肾动脉狭窄,头晕;高钾血症,钾补充剂;锂剂;ACE抑制剂,可与或不与食物同服,D,肾功能不全时谨慎,肝功能损害时减量,qd,,,
cardiovascular.ts,acebutolol,醋丁洛尔,200mg;400mg,mg,β受体阻滞剂类,心血管用药,Acebutolol,CDLE,醋丁洛尔,200-800mg,,bid,,po,高血压;心律失常;心绞痛,哮喘;严重心动过缓;心源性休克,疲劳;头晕;心动过缓,地高辛;胰岛素,可与食物同服,B,肾功能不全时减量,肝功能损害时减量,bid,,,
cardiovascular.ts,carvedilol,卡维地洛,6.25mg;12.5mg;25mg,mg,β受体阻滞剂类,心血管用药,Carvedilol,KWDL,达利全,6.25-50mg,,bid,,po,高血压;心力衰竭,哮喘;严重心动过缓;心源性休克;严重肝功能不全,头晕;疲劳;腹泻;体重增加,地高辛;胰岛素;西咪替丁,餐时服用,C,肾功能不全时谨慎,肝功能损害时禁用,bid,,,
cardiovascular.ts,nebivolol,奈必洛尔,2.5mg;5mg;10mg,mg,β受体阻滞剂类,心血管用药,Nebivolol,NBLE,奈必洛尔,5-10mg,,qd,,po,高血压;心力衰竭,哮喘;严重心动过缓;心源性休克;严重肝功能不全,疲劳;头痛;头晕,地高辛;西咪替丁,可与或不与食物同服,C,eGFR<30减量,肝功能损害时禁用,qd,,,
cardiovascular.ts,torasemide,托拉塞米,5mg;10mg;20mg,mg,其他,心血管用药,Torasemide,TLSM,特苏敏,5-20mg,,qd,,po,水肿;高血压,无尿;严重低钾血症;肝性脑病,低钾血症;低血压;高尿酸血症,地高辛;氨基糖苷类,晨起服用定期监测电解质,B,肾功能不全时调整剂量,肝性脑病风险时谨慎,qd,,,
cardiovascular.ts,verapamil,维拉帕米,40mg;80mg;120mg;240mg,mg,其他,心血管用药,Verapamil,WLPM,异搏定,120-480mg,,tid,,po,室上性心律失常;高血压;心绞痛,严重心功能不全;二三度房室传导阻滞;病窦综合征,便秘;头晕;水肿;心动过缓,β受体阻滞剂;地高辛;他汀类,可与食物同服,C,正常剂量,肝功能损害时减量,tid,qd,,
cardiovascular.ts,diltiazem,地尔硫䓬,30mg;60mg;90mg,mg,其他,心血管用药,Diltiazem,DELZ,合心爽,90-360mg,,tid,,po,室上性心律失常;高血压;心绞痛,严重心功能不全;二三度房室传导阻滞;病窦综合征,头痛;水肿;心动过缓,β受体阻滞剂;地高辛;西咪替丁,可与食物同服,C,正常剂量,肝功能损害时减量,tid,qd,,
cardiovascular.ts,digoxin,地高辛,0.0625mg;0.125mg;0.25mg,mg,其他,心血管用药,Digoxin,DGX,地高辛,0.125-0.25mg,,qd,,po,心力衰竭;房颤,房室传导阻滞;病窦综合征;肥厚型心肌病,恶心;视觉障碍;心律失常;地高辛中毒,钙剂;奎尼丁;胺碘酮,监测血药浓度和肾功能,C,肾功能不全时减量,正常剂量,qd,,,
cardiovascular.ts,sotalol,索他洛尔,80mg/片,mg,其他,心血管用药,Sotalol,STLE,施太可,80-160mg,,qd,,,室性及室上性心律失常,哮喘、窦缓、QT延长禁用,QT延长、尖端扭转型室速,监测QTc<500ms,III类抗心律失常,C,CrCl<60需减量,无需调整,qd,,,
cardiovascular.ts,propafenone,普罗帕酮,150mg/片,mg,其他,心血管用药,Propafenone,PLPT,心律平,150-300mg,,tid,,,室性及室上性心律失常,严重心衰、窦缓禁用,心动过缓、头晕,与地高辛合用增加地高辛浓度,Ic类抗心律失常,C,无需调整,肝功能不全需减量,tid,,,
cardiovascular.ts,lidocaine,利多卡因,100mg/支,mg,其他,心血管用药,Lidocaine,LDKY,利多卡因注射液,1-1.5mg/kg静推,,prn,,,急性心梗室性心律失常,二度以上传导阻滞禁用,抽搐、低血压,与β受体阻滞剂合用减少用量,Ib类抗心律失常,C,无需调整,肝功能不全需减量,prn,,,
cardiovascular.ts,dopamine,多巴胺,20mg/ml,μg/kg/min,其他,心血管用药,Dopamine,DBA,盐酸多巴胺注射液,2-10μg/kg/min,,continuous,,,休克、心力衰竭,嗜铬细胞瘤禁用,心律失常、外渗坏死,与MAOIs合用禁忌,剂量依赖性作用,C,正常剂量,正常剂量,continuous,,,
cardiovascular.ts,dobutamine,多巴酚丁胺,20mg/ml,μg/kg/min,其他,心血管用药,Dobutamine,DBFDA,多巴酚丁胺注射液,2.5-10μg/kg/min,,continuous,,,心力衰竭、心源性休克,肥厚梗阻型心肌病禁用,心律失常、心动过速,与β受体阻滞剂拮抗,β1受体激动剂,B,正常剂量,正常剂量,continuous,,,
cardiovascular.ts,isosorbide_dinitrate,硝酸异山梨酯,5mg;10mg/片,mg,其他,心血管用药,Isosorbide Dinitrate,XSYSLZ,消心痛,10-40mg,,tid,,,心绞痛、心力衰竭,低血压、严重贫血禁用,头痛、低血压、耐受性,与西地那非合用禁忌,硝酸酯类,C,正常剂量,正常剂量,tid,,,
cardiovascular.ts,isosorbide_mononitrate,单硝酸异山梨酯,20mg;40mg/片,mg,其他,心血管用药,Isosorbide Mononitrate,DXSYSLZ,依姆多,20-60mg,,qd,,,心绞痛,低血压、严重贫血禁用,头痛、低血压,与西地那非合用禁忌,长效硝酸酯,C,正常剂量,正常剂量,qd,,,
cardiovascular.ts,nitroglycerin,硝酸甘油,0.5mg/片,mg,其他,心血管用药,Glyceryl Trinitrate,XSGY,硝酸甘油片,0.3-0.6mg,,prn,,,心绞痛急性发作,低血压、颅内压增高禁用,头痛、低血压、耐受性,与西地那非合用禁忌,短效硝酸酯,C,正常剂量,正常剂量,prn,,,
cardiovascular.ts,trimetazidine,曲美他嗪,20mg/片,mg,其他,心血管用药,Trimetazidine,QMTQ,万爽力,20mg,,tid,,,心绞痛,帕金森病、震颤禁用,震颤、步态不稳,无明显药物相互作用,代谢性抗心绞痛药,C,正常剂量,肝肾功能不全慎用,tid,,,
cardiovascular.ts,amiloride,阿米洛利,5mg,mg,利尿剂类,心血管用药,Amiloride,AMLL,阿米洛利,5-10mg,,qd,,po,水肿;高血压;低钾血症,高钾血症;严重肾功能不全,高钾血症;恶心;腹泻,ACE抑制剂;钾补充剂,监测血钾水平,B,肌酐清除率<10ml/min禁用,正常剂量,qd,,,
cardiovascular.ts,triamterene,氨苯蝶啶,50mg;100mg,mg,利尿剂类,心血管用药,Triamterene,ABDD,氨苯蝶啶,50-100mg,,qd,,po,水肿;高血压,高钾血症;严重肾功能不全,高钾血症;肾结石;恶心,ACE抑制剂;钾补充剂,监测血钾肾功能,C,肾功能不全时禁用,正常剂量,qd,,,
cardiovascular.ts,lacidipine,拉西地平,2mg;4mg,mg,钙通道阻滞剂类,心血管用药,Lacidipine,LXDP,司乐平,4mg,,qd,,po,高血压,严重低血压;主动脉瓣狭窄,头痛;水肿;面部潮红,西柚汁;CYP3A4抑制剂,早晨服用,C,正常剂量,肝功能损害时减量,qd,,,
cardiovascular.ts,lercanidipine,乐卡地平,10mg;20mg,mg,钙通道阻滞剂类,心血管用药,Lercanidipine,LKDP,赞尼平,10-20mg,,qd,,po,高血压,严重低血压;主动脉瓣狭窄,头痛;水肿;面部潮红,西柚汁;CYP3A4抑制剂,餐前15分钟服用,C,正常剂量,肝功能损害时减量,qd,,,
cardiovascular.ts,fluvastatin,氟伐他汀,20mg;40mg,mg,他汀类,心血管用药,Fluvastatin,FFTT,来适可,20-80mg,,qd,,po,高胆固醇血症,活动性肝病、孕妇禁用,肌病、胃肠道反应,CYP2C9底物,中等强度他汀,X,正常剂量,肝功能不全慎用,qd,bid,,
cardiovascular.ts,lovastatin,洛伐他汀,10mg;20mg;40mg,mg,他汀类,心血管用药,Lovastatin,LFTT,美降脂,20-80mg,,qd,,po,高胆固醇血症,活动性肝病;妊娠;哺乳,肌痛;肝酶升高;横纹肌溶解,环孢素;吉非罗齐;伊曲康唑,晚餐时服用避免西柚汁,X,正常剂量,活动性肝病时禁用,qd,,,
cardiovascular.ts,pitavastatin,匹伐他汀,1mg;2mg;4mg,mg,他汀类,心血管用药,Pitavastatin,PFTT,力清之,1-4mg,,qd,,po,高胆固醇血症;混合型血脂异常,活动性肝病;妊娠;哺乳,肌痛;肝酶升高;横纹肌溶解,环孢素;红霉素,可与或不与食物同服,X,正常剂量,活动性肝病时禁用,qd,,,
cardiovascular.ts,bezafibrate,苯扎贝特,200mg;400mg,mg,贝特类,心血管用药,Bezafibrate,BZBT,必降脂,400-600mg,,bid,,po,高甘油三酯血症;混合型血脂异常,严重肝肾功能不全;胆囊疾病,胃肠道反应;肌痛;肝酶升高,他汀类;华法林,餐时服用,C,肾功能不全时减量,肝功能损害时禁用,bid,tid,,
cardiovascular.ts,colesevelam,考来维仑,625mg,g,胆汁酸螯合剂,心血管用药,Colesevelam,KLWL,考来维仑片,3.75g,,qd,,po,高胆固醇血症,肠梗阻、血清TG>500mg/dl禁用,便秘、腹胀、胃肠道不适,影响脂溶性维生素吸收,不吸收入血,B,正常剂量,正常剂量,qd,bid,,
endocrine.ts,propylthiouracil,丙硫氧嘧啶,50mg;100mg,mg,抗甲状腺药,内分泌用药,Propylthiouracil,BLYMD,丙硫氧嘧啶,100-300mg,,tid,,po,甲状腺功能亢进症;甲亢危象,严重肝功能不全;白细胞严重缺乏,肝毒性;粒细胞缺乏;血管炎,抗凝药;地高辛,,,,,tid,,,
endocrine.ts,leuprorelin,亮丙瑞林,3.75mg/支,mg,激动剂,内分泌用药,Leuprorelin,LBRL,抑那通,375mg,,q4w,,im,中枢性性早熟,对GnRH类似物过敏;妊娠;不明原因阴道出血,注射部位反应;情绪不稳;过敏反应,无特殊相互作用,,,,,q4w,,,
endocrine.ts,levothyroxine,左甲状腺素钠,25µg;50µg;100µg,µg,甲状腺激素,内分泌用药,Levothyroxine,ZJZXSN,优甲乐,25-150µg,,qd,,po,甲状腺功能减退症;甲状腺肿,心绞痛;急性心肌梗死;对本品过敏,心悸;失眠;体重减轻;多汗,抗凝药;降糖药;钙剂,,,,,qd,,,
endocrine.ts,propranolol,普萘洛尔,10mg;40mg,mg,β受体阻滞剂,内分泌用药,Propranolol,PNLE,心得安,10-40mg,,tid,,po,甲亢的对症治疗;心律失常;高血压,支气管哮喘;严重心动过缓,疲劳;心动过缓;支气管痉挛,维拉帕米;降糖药,,,,,tid,qid,,
endocrine.ts,triptorelin,曲普瑞林,3.75mg/支,mg,GnRH激动剂,内分泌用药,Triptorelin,QPRL,达菲林,3.75mg,,q4w,,im,中枢性性早熟,对GnRH类似物过敏;妊娠,潮热;注射部位反应;情绪波动,无特殊相互作用,,,,,q4w,,,
endocrine.ts,fludrocortisone,氟氢可的松,0.1mg,mg,盐皮质激素,内分泌用药,Fludrocortisone,FQKDS,Fludrocortisone,0.05-0.2mg,,qd,,po,CAH失盐型;Addison病,全身性真菌感染;高血压,高血压;水肿;低钾血症,巴比妥类;利福平;排钾利尿剂,,,,,qd,,,
endocrine.ts,hydrocortisone,氢化可的松,20mg,mg,糖皮质激素,内分泌用药,Hydrocortisone,QHKDS,氢化可的松片,10-20mg/天,,tid,,po,先天性肾上腺皮质增生症(CAH);肾上腺皮质功能减退症,对本品过敏;全身性真菌感染,生长抑制;库欣综合征;感染风险增加,苯巴比妥;利福平;疫苗,,,,,tid,,,
endocrine.ts,sodium-iodide-131i,碘[131I]化钠口服溶液,3.7-7.4GBq,GBq,放射性药物,内分泌用药,Sodium Iodide (131I),D131IY,碘[131I],根据病情和甲状腺大小计算,,prn,,po,甲状腺功能亢进症;分化型甲状腺癌,妊娠;哺乳,永久性甲减;放射性甲状腺炎,抗甲状腺药;胺碘酮,,,,,prn,,,
endocrine.ts,somatropin,重组人生长激素,2IU/支;4IU/支;10IU/支,IU,生长激素,内分泌用药,Recombinant Human Growth Hormone,CZRSZJS,赛增,0.1-0.15IU/kg,,qd,,sc,儿童生长激素缺乏症,骨骺已闭合;肿瘤,注射部位反应;关节痛;血糖异常,糖皮质激素;胰岛素,,,,,qd,,,
endocrine.ts,betaxolol,倍他洛尔,20mg,mg,选择性β1受体阻滞剂,内分泌用药,Betaxolol,BTLE,倍他乐克,20-40mg,,qd,,po,甲亢心血管症状;高血压,哮喘;严重心力衰竭;心动过缓,疲劳;头晕;失眠,胰岛素;地高辛,可与食物同服,C,正常剂量,肝功能损害时减量,qd,,,
endocrine.ts,phenoxybenzamine,酚苄明,10mg,mg,α受体阻滞剂,内分泌用药,Phenoxybenzamine,FBM,酚苄明,10-20mg,,bid,,po,嗜铬细胞瘤术前准备;甲亢危象,心力衰竭;冠心病;脑血管疾病,直立性低血压;鼻塞;口干;射精障碍,胰岛素;降压药,缓慢增量避免低血压,C,正常剂量,正常剂量,bid,,,
endocrine.ts,carbimazole,卡比马唑,5mg,mg,抗甲状腺药,内分泌用药,Carbimazole,KBMZ,卡比马唑,5-15mg,,tid,,po,甲状腺功能亢进症,严重肝病;粒细胞缺乏症,皮疹;关节痛;肝功能损害;粒细胞减少,华法林;地高辛,定期监测血常规,D,正常剂量,肝功能损害时谨慎,tid,,,
endocrine.ts,cyclophosphamide,环磷酰胺,25mg;50mg,mg,烷化剂,内分泌用药,Cyclophosphamide,HLXA,环磷酰胺,1-3mg/kg,,qd,,po,甲状腺相关眼病;自身免疫性甲状腺炎,严重骨髓抑制;严重感染;妊娠,骨髓抑制;出血性膀胱炎;脱发;恶心,阿洛别嘌醇;华法林,大量饮水预防膀胱炎,D,正常剂量,肝功能损害时减量,qd,,,
endocrine.ts,aminoglutethimide,氨鲁米特,250mg,mg,肾上腺皮质抑制剂,内分泌用药,Aminoglutethimide,ALMT,氨鲁米特,250-1000mg,,bid,,po,库欣综合征;肾上腺皮质癌,严重肝肾功能不全,皮疹;嗜睡;共济失调;甲状腺功能减退,华法林;地高辛;糖皮质激素,需同时补充糖皮质激素,D,肾功能不全时减量,肝功能损害时谨慎,bid,,,
endocrine.ts,prednisolone,泼尼松龙,5mg;25mg,mg,糖皮质激素,内分泌用药,Prednisolone,PNSL,强的松龙,5-60mg,,qd,,po,肾上腺皮质功能不全;严重过敏反应;炎症性疾病,真菌感染;病毒感染;严重精神病,感染易感性增加;骨质疏松;消化性溃疡;血糖升高,华法林;水杨酸类;利尿剂,餐后服用,C,正常剂量,肝功能损害时减量,qd,,,
endocrine.ts,methylprednisolone,甲泼尼松龙,4mg;16mg,mg,糖皮质激素,内分泌用药,Methylprednisolone,JPNSL,美卓乐,4-48mg,,qd,,po,急性肾上腺皮质功能不全;器官移植排斥反应,全身性真菌感染;活疫苗接种,感染风险增加;电解质紊乱;精神症状,环孢素;酮康唑;利福平,可与或不与食物同服,C,正常剂量,肝功能损害时谨慎,qd,,,
endocrine.ts,eplerenone,依普利酮,25mg;50mg,mg,选择性醛固酮受体拮抗剂,内分泌用药,Eplerenone,YPLT,倍博特,25-50mg,,qd,,po,原发性醛固酮增多症;高血压,高钾血症>5.5mmol/L;严重肾功能不全,高钾血症;头晕;腹泻;咳嗽,ACE抑制剂;强效CYP3A4抑制剂,可与或不与食物同服,B,肾功能不全时减量,肝功能损害时谨慎,qd,,,
endocrine.ts,octreotide,奥曲肽,0.05mg;0.1mg;0.5mg,mg,生长抑素类似物,内分泌用药,Octreotide,AQT,善宁,0.1-0.3mg,,bid,,sc,肢端肥大症;胃肠道神经内分泌肿瘤,重度胰腺炎;胆结石史,胃肠道反应;胆结石;血糖波动,胰岛素;β受体阻滞剂,注射部位轮换,B,肾功能不全时调整剂量,肝功能损害时减量,bid,,,
endocrine.ts,desmopressin,去氨加压素,0.1mg;0.2mg;0.4mg,mg,抗利尿激素类似物,内分泌用药,Desmopressin,QAJYS,弥凝,0.1-0.4mg,,qd,,po,中枢性尿崩症;夜遗尿,低钠血症;重度肾功能不全,低钠血症;头痛;恶心,抗抑郁药;NSAIDs,限制液体摄入防止低钠血症,B,重度肾功能不全禁用,正常剂量,qd,,,
endocrine.ts,bromocriptine,溴隐亭,2.5mg;5mg,mg,多巴胺受体激动剂,内分泌用药,Bromocriptine,XYT,溴隐亭,2.5-15mg,,bid,,po,高泌乳素血症;帕金森病,未控制的高血压;重度冠心病,恶心;头痛;低血压;幻觉,多巴胺阻滞剂;麦角类药物,随餐服用减少胃肠反应,B,正常剂量,肝功能损害时谨慎,bid,,,
endocrine.ts,cabergoline,卡麦角林,0.5mg,mg,多巴胺受体激动剂,内分泌用药,Cabergoline,KMJL,卡麦角林,0.5-1mg/周,,biw,,po,高泌乳素血症;催乳素瘤,未控制的高血压;心脏瓣膜病,恶心;头痛;低血压;精神症状,多巴胺阻滞剂;麦角类药物,随餐服用减少胃肠不适,B,正常剂量,肝功能损害时谨慎,biw,,,
endocrine.ts,vasopressin,加压素,20U/ml,U,抗利尿激素,内分泌用药,Vasopressin,JYS,加压素注射液,根据指征个体化,,prn,,iv,食管静脉曲张出血;脓毒性休克,冠心病;慢性肾功能不全,腹部绞痛;水中毒;高血压,去甲肾上腺素;呋塞米,监测血压和水电解质,C,肾功能不全时谨慎,正常剂量,prn,,,
endocrine.ts,pasireotide,帕瑞肽,0.6mg;0.9mg,mg,生长抑素类似物,内分泌用药,Pasireotide,PRT,Signifor LAR,0.6-0.9mg,,bid,,sc,库欣病;肢端肥大症,严重肝功能不全,高血糖;胆结石;胃肠道反应,抗糖尿病药;心律失常药,定期监测血糖和胆囊,C,轻中度肾功能不全无需调整,肝功能损害时减量,bid,,,
endocrine.ts,pegvisomant,培维司他,10mg;20mg;30mg,mg,生长激素受体拮抗剂,内分泌用药,Pegvisomant,PWST,Somavert,10-30mg,,qd,,sc,肢端肥大症,严重肝功能不全,肝酶升高;注射部位反应;头痛,胰岛素;降糖药,治疗前评估肝功能,C,正常剂量,肝功能损害时谨慎,qd,,,
endocrine.ts,testosterone,十一酸睾酮,40mg,mg,雄激素,内分泌用药,Testosterone,SYSGT,安特尔,40-80mg,,bid,,po,男性性腺功能减退症;迟发性性腺功能减退,前列腺癌;乳腺癌;严重心肝肾疾病,痤疮;水钠潴留;肝功能异常;血脂异常,华法林;胰岛素;糖皮质激素,餐时服用,X,正常剂量,肝功能损害时禁用,bid,,,
endocrine.ts,estradiol,雌二醇,1mg;2mg,mg,雌激素,内分泌用药,Estradiol,CEC,克龄蒙,1-2mg,,qd,,po,绝经期综合征;萎缩性阴道炎;骨质疏松预防,雌激素依赖性肿瘤;不明原因阴道出血;血栓栓塞病史,乳房胀痛;恶心;头痛;水肿;血栓风险,华法林;苯妥英;利福平,最低有效剂量最短疗程,X,正常剂量,肝功能损害时禁用,qd,,,
endocrine.ts,betamethasone,倍他米松,0.5mg/片,mg,糖皮质激素,内分泌系统药物,Betamethasone,BTMS,倍他米松片,0.5-5mg,,qd,,po,自身免疫性疾病、过敏性疾病,全身真菌感染禁用,库欣综合征、骨质疏松,与利尿剂合用增加低钾风险,长效糖皮质激素,C,正常剂量,正常剂量,qd,bid,tid,qid
endocrine.ts,cortisone,可的松,25mg/片,mg,糖皮质激素,免疫抑制剂,Cortisone,KDS,醋酸可的松片,25-300mg,,qd,,po,肾上腺皮质功能不全、严重过敏,全身真菌感染禁用,库欣综合征、骨质疏松、高血糖,与NSAIDs合用增加胃肠道风险,需转化为氢化可的松,C,正常剂量,肝功能不全需监测,qd,bid,tid,qid
endocrine.ts,dexamethasone,地塞米松,0.75mg/片,mg,糖皮质激素,内分泌系统药物,Dexamethasone,DSMS,地塞米松片,0.75-9mg,,qd,,po,过敏性疾病、脑水肿、抗肿瘤,全身真菌感染禁用,库欣综合征、HPA轴抑制,与苯妥英钠合用降低地塞米松疗效,"长效糖皮质激素,25倍氢化可的松",C,正常剂量,正常剂量,qd,bid,tid,qid
endocrine.ts,hydrocortisone_sodium,琥珀酸氢化可的松,0.1g/支,mg,糖皮质激素,内分泌系统药物,Hydrocortisone Sodium Succinate,HPSQHKDS,氢化可的松注射液,100-300mg,,q6h,,iv,肾上腺危象、严重过敏,全身真菌感染禁用,水钠潴留、高血糖,与NSAIDs合用增加胃肠道风险,短效糖皮质激素,C,正常剂量,正常剂量,q6h,q8h,,
endocrine.ts,mometasone,糠酸莫米松,0.1%/10g,次,糖皮质激素,皮肤科用药,Mometasone Furoate,KSMMS,艾洛松,外用,,qd,,top,皮炎、湿疹、银屑病,病毒性皮肤病、痤疮禁用,皮肤萎缩、毛细血管扩张,长期使用需注意HPA轴抑制,强效糖皮质激素,C,正常剂量,正常剂量,qd,,,
endocrine.ts,thiamazole,甲巯咪唑,5mg;10mg/片,mg,内分泌系统药物/抗甲状腺药,内分泌用药,Methimazole,JQMZ,他巴唑,15-40mg,,qd,,po,甲状腺功能亢进症,严重肝肾功能不全禁用,粒细胞缺乏、肝毒性、皮疹,与β受体阻滞剂合用控制症状,定期监测血常规,D,正常剂量,肝功能不全慎用,qd,bid,tid,
endocrine.ts,potassium_iodide,碘化钾,50mg/片,mg,内分泌系统药物/抗甲状腺药,内分泌用药,Potassium Iodide,DHJ,碘化钾片,300-500mg,,qd,,po,甲亢术前准备、甲状腺危象,结核病、肾炎禁用,碘中毒、甲状腺肿大,与锂盐合用增加甲减风险,术前2周开始使用,D,正常剂量,正常剂量,qd,,,
endocrine.ts,prednisone,泼尼松,5mg/片,mg,内分泌系统药物/糖皮质激素,内分泌用药,Prednisone,PNS,泼尼松片,5-60mg,,qd,,po,自身免疫性疾病、过敏性疾病,全身真菌感染、活动性消化性溃疡禁用,库欣综合征、骨质疏松、感染,与CYP3A4诱导剂合用降低疗效,晨起一次服用模拟生理分泌,C,正常剂量,肝功能不全需监测,qd,bid,tid,qid
endocrine.ts,prednisolone_acetate,醋酸泼尼松龙,5mg/片,mg,内分泌系统药物/糖皮质激素,内分泌用药,Prednisolone Acetate,CSPNSL,醋酸泼尼松龙片,5-60mg,,qd,,po,自身免疫性疾病,全身真菌感染禁用,库欣综合征、骨质疏松,与NSAIDs合用增加胃肠道风险,中效糖皮质激素,C,正常剂量,肝功能不全时监测,qd,bid,tid,qid
digestive.ts,edaravone,依达拉奉,30mg(注射用),mg,自由基清除剂,消化系统用药,Edaravone,YDLF,必存,30mg,,bid,,ivdrip,急性脑梗死,无,过敏反应;肝功能异常;肾功能异常,无特殊相互作用,,,,,bid,,,
digestive.ts,bicyclol,双环醇,25mg,mg,肝病辅助治疗药,消化系统用药,Bicyclol,SHC,百赛诺,25-50mg,,tid,,po,慢性肝炎所致的氨基转移酶升高,对本品过敏者,皮疹;头晕;腹胀,无特殊相互作用,,,,,tid,,,
digestive.ts,nimodipine,尼莫地平,20mg;30mg,mg,钙通道阻滞剂,消化系统用药,Nimodipine,NMDP,尼膜同,30-60mg,,qid,,po,脑出血;蛛网膜下腔出血,严重低血压;心源性休克,低血压;头痛;恶心,抗高血压药;西柚汁,,,,,qid,,,
digestive.ts,argatroban,阿加曲班,250mg(注射用),mg,直接凝血酶抑制剂,消化系统用药,Argatroban,AJQB,阿加曲班,2mg/kg,,continuous_infusion,,ivgtt,急性脑梗死;肝素诱导的血小板减少症,活动性出血;严重肝功能不全,出血;过敏反应,其他抗凝药;抗血小板药,,,,,continuous_infusion,,,
digestive.ts,lansoprazole,兰索拉唑,15mg;30mg,mg,质子泵抑制剂,消化系统用药,Lansoprazole,LSLZ,达克普隆,15-30mg,,qd,,po,消化性溃疡;胃食管反流病;幽门螺杆菌感染,严重肝功能不全,腹泻;头痛;恶心;维生素B12缺乏,华法林;地高辛;酮康唑,,,,,qd,,,
digestive.ts,rabeprazole,雷贝拉唑,10mg;20mg,mg,质子泵抑制剂,消化系统用药,Rabeprazole,LBLZ,波利特,10-20mg,,qd,,po,消化性溃疡;胃食管反流病;幽门螺杆菌感染,严重肝功能不全,腹泻;头痛;恶心,地高辛;酮康唑;甲氨蝶呤,,,,,qd,,,
digestive.ts,esomeprazole,埃索美拉唑,20mg;40mg,mg,质子泵抑制剂,消化系统用药,Esomeprazole,ASMLZ,耐信,20-40mg,,qd,,po,消化性溃疡;胃食管反流病,严重肝功能不全,腹泻;头痛;腹痛,氯吡格雷;地高辛;华法林,,,,,qd,,,
digestive.ts,pantoprazole,泮托拉唑,20mg;40mg,mg,质子泵抑制剂,消化系统用药,Pantoprazole,PTLZ,洛赛克,20-40mg,,qd,,po,消化性溃疡;胃食管反流病;幽门螺杆菌感染,严重肝功能不全,腹泻;头痛;恶心,华法林;地高辛,,,,,qd,,,
digestive.ts,omeprazole,奥美拉唑,10mg;20mg;40mg,mg,质子泵抑制剂,消化系统用药,Omeprazole,AMLZ,洛赛克,20-40mg,,qd,,po,消化性溃疡;胃食管反流病;幽门螺杆菌感染,严重肝功能不全,腹泻;头痛;恶心;维生素B12缺乏,氯吡格雷;地高辛;华法林,,,,,qd,,,
digestive.ts,ranitidine,雷尼替丁,75mg;150mg;300mg,mg,H2受体拮抗剂,消化系统用药,Ranitidine,LNTD,善胃得,150-300mg,,bid,,po,消化性溃疡;胃食管反流病,严重肾功能不全,头痛;便秘;腹泻,华法林;酮康唑,,,,,bid,,,
digestive.ts,famotidine,法莫替丁,20mg;40mg,mg,H2受体拮抗剂,消化系统用药,Famotidine,FMTD,高舒达,20-40mg,,bid,,po,消化性溃疡;胃食管反流病,严重肾功能不全,头痛;便秘;腹泻,华法林;酮康唑,,,,,bid,,,
digestive.ts,cimetidine,西咪替丁,200mg;400mg;800mg,mg,H2受体拮抗剂,消化系统用药,Cimetidine,XMTD,泰胃美,400-800mg,,bid,,po,消化性溃疡;胃食管反流病,严重肾功能不全,头痛;腹泻;男性乳房发育,华法林;茶碱;苯妥英,,,,,bid,,,
digestive.ts,mosapride,莫沙必利,5mg,mg,5-HT4受体激动剂,消化系统用药,Mosapride,MSBL,加斯清,5mg,,tid,,po,功能性消化不良;胃食管反流病,胃肠道出血;机械性梗阻,腹泻;腹痛;口干,抗胆碱药物,,,,,tid,,,
digestive.ts,domperidone,多潘立酮,10mg,mg,多巴胺受体拮抗剂,消化系统用药,Domperidone,DPLT,吗丁啉,10mg,,tid,,po,功能性消化不良;恶心呕吐,胃肠道出血;机械性梗阻;泌乳素瘤,泌乳;月经紊乱;QT延长,酮康唑;红霉素,,,,,tid,,,
digestive.ts,ondansetron,昂丹司琼,4mg;8mg/片,mg,消化系统药物/5-HT3受体拮抗剂,消化系统用药,Ondansetron,ADSQ,枢复宁,8mg,,bid,,po,化疗、放疗引起的恶心呕吐,对5-HT3受体拮抗剂过敏者禁用,头痛、便秘、QT延长,与阿扑吗啡合用禁忌,,,,,bid,tid,,
digestive.ts,granisetron,格拉司琼,1mg/片,mg,消化系统药物/5-HT3受体拮抗剂,消化系统用药,Granisetron,GLSQ,康泉,1-2mg,,qd,,po,化疗引起的恶心呕吐,对5-HT3受体拮抗剂过敏者禁用,头痛、便秘,与阿扑吗啡合用禁忌,,,,,qd,,,
digestive.ts,metoclopramide,甲氧氯普胺,5mg;10mg/片,mg,消化系统药物/多巴胺受体拮抗剂,消化系统用药,Metoclopramide,JYLPA,胃复安,10mg,,tid,,po,恶心呕吐、功能性消化不良,嗜铬细胞瘤、胃肠梗阻禁用,锥体外系反应、迟发性运动障碍,与左旋多巴拮抗,,,,,tid,,,
digestive.ts,lactulose,乳果糖,10g/15ml,ml,消化系统药物/渗透性泻药,消化系统用药,Lactulose,RGT,杜密克,15-30ml,,qd,,po,便秘、肝性脑病,半乳糖血症禁用,腹胀、腹泻,与抗生素合用降低疗效,,,,,qd,bid,,
digestive.ts,polyethylene_glycol_4000,聚乙二醇,10g/袋,g,消化系统药物/渗透性泻药,消化系统用药,Polyethylene Glycol 4000,JYEC,福松,10-20g,,qd,,po,便秘,肠梗阻禁用,腹胀、腹泻,无明显药物相互作用,,,,,qd,bid,,
digestive.ts,trimebutine,曲美布汀,0.1g;0.2g/片,g,消化系统药物/解痉药,消化系统用药,Trimebutine,QMBT,舒丽启能,0.3-0.6g,,tid,,po,肠易激综合征,对曲美布汀过敏者禁用,便秘、腹泻,无明显药物相互作用,,,,,tid,,,
digestive.ts,sodium_picosulfate,匹可硫酸钠,10mg/ml,mg,消化系统药物/刺激性泻药,消化系统用药,Sodium Picosulfate,PKLSN,匹可硫酸钠滴剂,5-10mg,,qhs,,po,便秘、肠道准备,肠梗阻、急腹症禁用,腹痛、腹泻,与抗生素间隔服用,,,,,qhs,,,
digestive.ts,liquid_paraffin,石蜡油,15ml/次,ml,消化系统药物/润滑性泻药,消化系统用药,Liquid Paraffin,SLY,液状石蜡,15-30ml,,qhs,,po,便秘,肠梗阻禁用,肛门漏油、脂溶性维生素吸收障碍,影响脂溶性维生素吸收,,,,,qhs,,,
digestive.ts,dexlansoprazole,右兰索拉唑,30mg;60mg,mg,质子泵抑制剂,消化系统用药,Dexlansoprazole,YLSLZ,康彼身,30-60mg,,qd,,po,反流性食管炎,对PPI过敏者禁用,腹泻、恶心,CYP2C19和3A4底物,兰索拉唑R-对映体,B,正常剂量,肝功能不全慎用,qd,,,
digestive.ts,nizatidine,尼扎替丁,150mg,mg,H2受体拮抗剂,消化系统用药,Nizatidine,NZTD,尼扎替丁胶囊,150-300mg,,qd,,po,消化性溃疡、反流性食管炎,对H2受体拮抗剂过敏者禁用,头痛、腹泻,与阿司匹林合用增加阿司匹林血药浓度,,B,CrCl<50需减量,正常剂量,qd,bid,,
digestive.ts,roxatidine,罗沙替丁,75mg,mg,H2受体拮抗剂,消化系统用药,Roxatidine,LSTD,罗沙替丁醋酸酯胶囊,75mg,,bid,,po,消化性溃疡,对H2受体拮抗剂过敏者禁用,头痛、便秘,无明显药物相互作用,,B,CrCl<50需减量,正常剂量,bid,,,
digestive.ts,loperamide,洛哌丁胺,2mg,mg,阿片受体激动剂,消化系统用药,Loperamide,LPDA,易蒙停,"4mg首剂,后2mg",,prn,,po,急慢性腹泻,伪膜性肠炎、细菌性腹泻禁用,便秘、腹痛,与奎尼丁合用增加心脏毒性,外周阿片受体激动剂,B,正常剂量,肝功能不全慎用,prn,,,
digestive.ts,racecadotril,消旋卡多曲,10mg;30mg,mg,脑啡肽酶抑制剂,消化系统用药,Racecadotril,XXKDQ,卡多曲颗粒,100mg,,tid,,po,急性腹泻,对消旋卡多曲过敏者禁用,皮疹、头痛,无明显药物相互作用,减少肠道分泌,B,正常剂量,肝功能不全慎用,tid,,,
digestive.ts,diphenoxylate,地芬诺酯,2.5mg,mg,止泻药,消化系统用药,Diphenoxylate,DFNZ,地芬诺酯片,5mg,,qid,,po,急慢性腹泻,伪膜性肠炎、婴幼儿禁用,便秘、腹痛,与MAOIs合用禁忌,阿片类止泻药,C,正常剂量,肝功能不全慎用,qid,,,
digestive.ts,sucralfate,硫糖铝,0.5g;1g,g,胃黏膜保护剂,消化系统用药,Sucralfate,LTL,硫糖铝片,1g,,qid,,po,消化性溃疡,肾功能不全禁用,便秘,与其他药物间隔2小时服用,胃黏膜保护剂,B,CrCl<30禁用,正常剂量,qid,,,
digestive.ts,misoprostol,米索前列醇,0.2mg,mg,前列腺素类,消化系统用药,Misoprostol,MSQLC,喜克溃,0.2mg,,qid,,po,NSAIDs相关性溃疡预防,孕妇禁用,腹泻、腹痛,与镁制抗酸药合用增加腹泻,前列腺素E1类似物,X,正常剂量,正常剂量,qid,,,
digestive.ts,montmorillonite,蒙脱石,3g,g,肠道吸附剂,消化系统用药,Montmorillonite,MTS,思密达,3g,,tid,,po,急慢性腹泻、肠道炎症,肠梗阻禁用,便秘,影响其他药物吸收,肠道黏膜保护剂,B,正常剂量,正常剂量,tid,,,
digestive.ts,smectite,思密达,3g,g,肠道吸附剂,消化系统用药,Smectite,SMD,蒙脱石散,3g,,tid,,po,急慢性腹泻,肠梗阻禁用,便秘,影响其他药物吸收,肠道黏膜保护剂,B,正常剂量,正常剂量,tid,,,
digestive.ts,saccharomyces_boulardii,布拉氏酵母菌,250mg,mg,微生态制剂,消化系统用药,Saccharomyces boulardii,BLSJMJ,亿活,250-500mg,,bid,,po,急慢性腹泻、抗生素相关性腹泻,中心静脉置管患者慎用,腹胀、皮疹,与抗真菌药间隔服用,益生菌,C,正常剂量,正常剂量,bid,tid,qid,
digestive.ts,trisilicate,三硅酸镁,0.3g/片,g,消化系统药物/抗酸药,消化系统用药,Magnesium Trisilicate,SGSM,三硅酸镁片,0.6-1.2g,,tid,,po,胃酸过多,肾功能不全禁用,便秘、镁蓄积,影响其他药物吸收,抗酸药,C,CrCl<30禁用,正常剂量,tid,qid,,
anti-infective.ts,sevelamer,司维拉姆,800mg,mg,磷结合剂,抗感染用药,Sevelamer,SWLM,诺维乐,800-1600mg,,tid,,po,终末期肾病患者的高磷血症,低磷血症;肠梗阻,恶心;呕吐;便秘,环丙沙星;左甲状腺素,,,,,tid,,,
anti-infective.ts,amoxicillin_clavulanate,阿莫西林克拉维酸钾,375mg;625mg;1000mg,mg,β-内酰胺酶抑制剂复合制剂,抗感染用药,Amoxicillin/Clavulanate,AMXLKLWSJ,安灭菌,375-1000mg,,bid,,po,呼吸道感染;泌尿道感染;皮肤软组织感染,青霉素过敏;严重肝功能不全,腹泻;恶心;皮疹;肝功能异常,华法林;别嘌醇,,,,,bid,tid,,
anti-infective.ts,amoxicillin,阿莫西林,0.25g;0.5g;1g,g,青霉素类,抗感染用药,Amoxicillin,AMXL,阿莫西林,0.5-1g,,tid,,po,呼吸道感染;泌尿道感染;幽门螺杆菌感染,青霉素过敏,腹泻;皮疹;过敏反应,华法林;别嘌醇,,,,,tid,,,
anti-infective.ts,cefixime,头孢克肟,50mg;100mg;200mg,mg,第三代头孢菌素,抗感染用药,Cefixime,TBKW,世福素,200-400mg,,qd,,po,呼吸道感染;泌尿道感染;淋病,头孢菌素过敏,腹泻;恶心;皮疹,华法林;丙磺舒,,,,,qd,bid,,
anti-infective.ts,cefuroxime,头孢呋辛,0.125g;0.25g;0.5g,g,第二代头孢菌素,抗感染用药,Cefuroxime,TBFX,西力欣,0.25-0.5g,,bid,,po,呼吸道感染;泌尿道感染,头孢菌素过敏,腹泻;恶心;皮疹,华法林;丙磺舒,,,,,bid,,,
anti-infective.ts,ceftriaxone,头孢曲松,0.5g;1g;2g,g,第三代头孢菌素,抗感染用药,Ceftriaxone,TBQS,罗氏芬,1-2g,,qd,,iv/im,严重感染;脑膜炎;淋病,头孢菌素过敏;新生儿高胆红素血症,腹泻;皮疹;胆汁淤积,钙剂;华法林,,,,,qd,bid,,
anti-infective.ts,ciprofloxacin,盐酸环丙沙星,250mg;500mg;750mg,mg,氟喹诺酮类,抗感染用药,Ciprofloxacin,YSHBSX,希普洛,250-750mg,,bid,,po,呼吸道感染;泌尿道感染;骨关节感染,18岁以下;妊娠;哺乳;喹诺酮过敏,胃肠道反应;肌腱炎;QT延长;光敏反应,华法林;茶碱;铁剂,,,,,bid,,,
anti-infective.ts,levofloxacin,左氧氟沙星,250mg;500mg;750mg,mg,氟喹诺酮类,抗感染用药,Levofloxacin,ZYFSX,可乐必妥,250-750mg,,qd,,po/iv,呼吸道感染;泌尿道感染,18岁以下;妊娠;喹诺酮过敏,胃肠道反应;肌腱炎;QT延长,华法林;NSAID,,,,,qd,bid,,
anti-infective.ts,moxifloxacin,莫西沙星,400mg,mg,第四代氟喹诺酮,抗感染用药,Moxifloxacin,MXSX,拜复乐,400mg,,qd,,po/iv,呼吸道感染;皮肤软组织感染,18岁以下;妊娠;QT延长;喹诺酮过敏,胃肠道反应;QT延长;头晕,抗心律失常药;华法林,,,,,qd,,,
anti-infective.ts,ofloxacin,氧氟沙星,100mg;200mg;400mg,mg,氟喹诺酮类,抗感染用药,Ofloxacin,YFSX,泰利必妥,200-400mg,,bid,,po,呼吸道感染;泌尿道感染,18岁以下;妊娠;喹诺酮过敏,胃肠道反应;肌腱炎;中枢神经系统反应,华法林;茶碱,,,,,bid,,,
anti-infective.ts,pefloxacin,培氟沙星,200mg;400mg,mg,氟喹诺酮类,抗感染用药,Pefloxacin,PFSX,培氟沙星,400mg,,bid,,po,呼吸道感染;泌尿道感染,18岁以下;妊娠;喹诺酮过敏,胃肠道反应;光敏反应,华法林;茶碱,,,,,bid,,,
anti-infective.ts,clarithromycin,克拉霉素,0.25g;0.5g,g,大环内酯类,抗感染用药,Clarithromycin,KLMS,希舒美,0.25-0.5g,,bid,,po,呼吸道感染;幽门螺杆菌感染,严重肝功能不全;与匹莫齐特合用,胃肠道反应;肝酶升高;QT延长,茶碱;地高辛;华法林,,,,,bid,,,
anti-infective.ts,erythromycin,红霉素,0.125g;0.25g,g,大环内酯类,抗感染用药,Erythromycin,HMS,红霉素肠溶片,0.25-0.5g,,qid,,po,呼吸道感染;皮肤软组织感染,肝功能不全;与匹莫齐特合用,胃肠道反应;肝毒性;QT延长,茶碱;华法林;西沙必利,,,,,qid,,,
anti-infective.ts,azithromycin,阿奇霉素,0.125g;0.25g;0.5g,g,大环内酯类,抗感染用药,Azithromycin,AQMS,希舒美,0.5g,,qd,,po,呼吸道感染;泌尿道感染;皮肤软组织感染,严重肝功能不全;对大环内酯类过敏,胃肠道反应;肝酶升高;QT延长,华法林;地高辛,,,,,qd,,,
anti-infective.ts,linezolid,利奈唑胺,0.6g,g,噁唑烷酮类,抗感染用药,Linezolid,LNZA,斯沃,0.6g,,bid,,po/iv,MRSA感染;VRE感染,单胺氧化酶抑制剂;嗜铬细胞瘤,骨髓抑制;周围神经病变;乳酸性酸中毒;5-羟色胺综合征,SSRI;三环抗抑郁药;拟交感神经药,,,,,bid,,,
anti-infective.ts,vancomycin,万古霉素,0.5g;1g,g,糖肽类,抗感染用药,Vancomycin,WGMS,万古霉素,1-2g,,bid,,iv,MRSA感染;难辨梭状芽孢杆菌感染,过敏史,肾毒性;耳毒性;红人综合征;静脉炎,氨基糖苷类;呋塞米,,,,,bid,qid,,
anti-infective.ts,teicoplanin,替考拉宁,0.2g;0.4g,g,糖肽类,抗感染用药,Teicoplanin,TKLN,特加能,6mg/kg,,qd,,iv/im,MRSA感染;骨髓炎,过敏史,肾毒性;过敏反应;注射部位反应,氨基糖苷类,,,,,qd,,,
anti-infective.ts,tobramycin,妥布霉素,40mg;80mg,mg,氨基糖苷类,抗感染用药,Tobramycin,TBMS,妥布霉素,3-5mg/kg,,qd,,iv/im,严重革兰阴性菌感染,妊娠;重症肌无力,肾毒性;耳毒性;神经肌肉阻滞,襻利尿剂;头孢菌素,,,,,qd,tid,,
anti-infective.ts,gentamicin,庆大霉素,20mg;40mg;80mg,mg,氨基糖苷类,抗感染用药,Gentamicin,QDMS,庆大霉素注射液,3-5mg/kg,,qd,,iv/im,严重革兰阴性菌感染,妊娠;重症肌无力,肾毒性;耳毒性;神经肌肉阻滞,襻利尿剂;头孢菌素,,,,,qd,bid,,
anti-infective.ts,amikacin,阿米卡星,0.1g;0.2g,g,氨基糖苷类,抗感染用药,Amikacin,AMKX,丁胺卡那霉素,15mg/kg,,qd,,iv/im,严重革兰阴性菌感染,妊娠;重症肌无力,肾毒性;耳毒性;神经肌肉阻滞,襻利尿剂;头孢菌素,,,,,qd,bid,,
anti-infective.ts,fluconazole,氟康唑,50mg;100mg;150mg,mg,三唑类抗真菌药,抗感染用药,Fluconazole,FKZ,大扶康,50-400mg,,qd,,po/iv,念珠菌感染;隐球菌脑膜炎,对唑类药物过敏;与特非那定合用,肝毒性;皮疹;头痛,华法林;苯妥英;茶碱,,,,,qd,,,
anti-infective.ts,acyclovir,阿昔洛韦,0.2g;0.4g,g,抗疱疹病毒药,抗感染用药,Acyclovir,AXLW,阿昔洛韦片,0.2-0.8g,,5-times-daily,,po,单纯疱疹;带状疱疹;水痘,对阿昔洛韦过敏,恶心;头痛;肾功能损害,丙磺舒;齐多夫定,,,,,5-times-daily,,,
anti-infective.ts,valacyclovir,伐昔洛韦,0.3g;0.5g,g,抗疱疹病毒药,抗感染用药,Valacyclovir,FXLW,明竹欣,0.3-1g,,bid,,po,单纯疱疹;带状疱疹;水痘,对伐昔洛韦过敏,头痛;恶心;肾功能损害,丙磺舒,,,,,bid,tid,,
anti-infective.ts,entecavir,恩替卡韦,0.5mg;1mg,mg,核苷类逆转录酶抑制剂,抗感染用药,Entecavir,ETKW,博路定,0.5-1mg,,qd,,po,慢性乙型肝炎,对恩替卡韦过敏,头痛;疲劳;眩晕;恶心,拉米夫定,,,,,qd,,,
anti-infective.ts,tenofovir_disoproxil,富马酸替诺福韦二吡呋酯,0.3g,g,核苷酸逆转录酶抑制剂,抗感染用药,Tenofovir Disoproxil,FMSTNFWEBFZ,韦瑞德,0.3g,,qd,,po,慢性乙型肝炎;HIV感染,对替诺福韦过敏,肾毒性;骨密度降低;低磷血症,地达诺辛;阿德福韦,,,,,qd,,,
anti-infective.ts,tenofovir_alafenamide,丙酚替诺福韦,25mg,mg,核苷酸逆转录酶抑制剂,抗感染用药,Tenofovir Alafenamide,BFTNFW,韦立得,25mg,,qd,,po,慢性乙型肝炎;HIV感染,对替诺福韦过敏;与利福平合用,头痛;腹痛;咳嗽;疲劳,CYP3A诱导剂,,,,,qd,,,
anti-infective.ts,penicillin_g,青霉素G,80万单位/支,万单位,抗感染药/β-内酰胺类/青霉素类,抗感染用药,Penicillin G,QMSG,青霉素钠,80-240万单位,,q6h,,im/iv,敏感细菌所致感染,青霉素过敏者禁用,过敏反应、皮疹,丙磺舒可延长半衰期,,,,,q6h,q8h,,
anti-infective.ts,penicillin_v,青霉素V,0.25g/片,g,抗感染药/β-内酰胺类/青霉素类,抗感染用药,Penicillin V,QMSV,青霉素V钾片,0.25-0.5g,,q6h,,po,轻中度敏感菌感染,青霉素过敏者禁用,胃肠道反应、皮疹,四环素类降低疗效,,,,,q6h,,,
anti-infective.ts,oxacillin,苯唑西林,0.5g/支,g,抗感染药/β-内酰胺类/耐酶青霉素,抗感染用药,Oxacillin,BZXL,苯唑西林钠,1-2g,,q4h,,iv,耐青霉素酶金葡菌感染,青霉素过敏者禁用,静脉炎、皮疹,利福平协同作用,,,,,q4h,q6h,,
anti-infective.ts,ampicillin,氨苄西林,0.5g/支,g,抗感染药/β-内酰胺类/广谱青霉素,抗感染用药,Ampicillin,ABXL,氨苄西林钠,1-2g,,q6h,,iv/po,敏感革兰氏阴性菌感染,青霉素过敏者禁用,皮疹、腹泻,别嘌醇增加皮疹风险,,,,,q6h,,,
anti-infective.ts,piperacillin,哌拉西林,2g/支,g,抗感染药/β-内酰胺类/广谱青霉素,抗感染用药,Piperacillin,PLXL,哌拉西林钠,2-4g,,q6h,,iv,严重革兰氏阴性菌感染,青霉素过敏者禁用,静脉炎、电解质紊乱,氨基糖苷类协同,,,,,q6h,q8h,,
anti-infective.ts,cephalexin,头孢氨苄,0.25g/粒,g,抗感染药/β-内酰胺类/第一代头孢,抗感染用药,Cephalexin,TBAB,头孢氨苄胶囊,0.5g,,q6h,,po,敏感细菌所致轻中度感染,头孢过敏者禁用,胃肠道反应、皮疹,丙磺舒增加血药浓度,,,,,q6h,,,
anti-infective.ts,cefaloridine,头孢拉定,0.25g/粒,g,抗感染药/β-内酰胺类/第一代头孢,抗感染用药,Cefaloridine,TBLD,头孢拉定胶囊,0.5g,,q6h,,po,上呼吸道感染、尿路感染,头孢过敏者禁用,过敏反应、腹泻,与利尿剂合用增加肾毒性,,,,,q6h,,,
anti-infective.ts,cefazolin,头孢唑林,1g/支,g,抗感染药/β-内酰胺类/第一代头孢,抗感染用药,Cefazolin,TBZL,头孢唑林钠,1-2g,,q8h,,iv,革兰氏阳性菌感染、外科预防,头孢过敏者禁用,过敏反应、静脉炎,丙磺舒延长半衰期,,,,,q8h,,,
anti-infective.ts,cefoxitin,头孢西丁,1g/支,g,抗感染药/β-内酰胺类/第二代头孢,抗感染用药,Cefoxitin,TBXD,头孢西丁钠,1-2g,,q6h,,iv,厌氧菌及需氧菌混合感染,头孢过敏者禁用,过敏反应、假性凝血异常,丙磺舒增加血药浓度,,,,,q6h,q8h,,
anti-infective.ts,ceftazidime,头孢他啶,1g/支,g,抗感染药/β-内酰胺类/第三代头孢,抗感染用药,Ceftazidime,TBTD,头孢他啶,1-2g,,q8h,,iv,严重革兰氏阴性菌感染,头孢过敏者禁用,过敏反应、血小板减少,氨基糖苷类协同,,,,,q8h,q12h,,
anti-infective.ts,cefoperazone,头孢哌酮,1g/支,g,抗感染药/β-内酰胺类/第三代头孢,抗感染用药,Cefoperazone,TBPT,头孢哌酮钠,2-4g,,q12h,,iv,严重细菌感染,头孢过敏者禁用,腹泻、出血倾向,避免饮酒(双硫仑反应),,,,,q12h,,,
anti-infective.ts,cefepime,头孢吡肟,1g/支,g,抗感染药/β-内酰胺类/第四代头孢,抗感染用药,Cefepime,TBBW,头孢吡肟,1-2g,,q12h,,iv,严重革兰氏阴性菌感染,头孢过敏者禁用,神经毒性(高剂量),氨基糖苷类协同,,,,,q12h,,,
anti-infective.ts,cefpodoxime,头孢泊肟酯,0.1g/片,g,抗感染药/β-内酰胺类/第三代头孢,抗感染用药,Cefpodoxime,TBPWZ,头孢泊肟酯片,0.2g,,q12h,,po,呼吸道、泌尿道感染,头孢过敏者禁用,腹泻、恶心,抗酸药降低吸收,,,,,q12h,,,
anti-infective.ts,cefdinir,头孢地尼,0.1g/粒,g,抗感染药/β-内酰胺类/第三代头孢,抗感染用药,Cefdinir,TBDN,头孢地尼胶囊,0.3g,,q12h,,po,呼吸道、中耳炎、皮肤软组织感染,头孢过敏者禁用,腹泻、皮疹,铁剂影响吸收,,,,,q12h,,,
anti-infective.ts,imipenem,亚胺培南,0.5g/支,g,抗感染药/β-内酰胺类/碳青霉烯类,抗感染用药,Imipenem,YAPN,泰能(亚胺培南-西司他丁),0.5g,,q6h,,iv,严重混合感染、多重耐药菌,青霉素严重过敏者慎用,癫痫发作、恶心,丙戊酸血药浓度下降,,,,,q6h,,,
anti-infective.ts,meropenem,美罗培南,0.5g/支,g,抗感染药/β-内酰胺类/碳青霉烯类,抗感染用药,Meropenem,MLPN,美平(美罗培南),1g,,q8h,,iv,严重腹腔感染、脑膜炎、败血症,碳青霉烯过敏者禁用,腹泻、皮疹,丙戊酸血药浓度下降,,,,,q8h,,,
anti-infective.ts,norfloxacin,诺氟沙星,0.1g/粒,g,抗感染药/氟喹诺酮类,抗感染用药,Norfloxacin,NFSX,诺氟沙星胶囊,0.4g,,q12h,,po,泌尿道感染、肠道感染,18岁以下儿童禁用,胃肠道反应,不与奶制品同服,,,,,q12h,,,
anti-infective.ts,gatifloxacin,加替沙星,0.2g/片,g,抗感染药/氟喹诺酮类,抗感染用药,Gatifloxacin,JTSX,加替沙星片,0.4g,,q24h,,po,呼吸道、泌尿道感染,18岁以下儿童禁用、糖尿病患者慎用,血糖异常、QT延长,不与降糖药同用,,,,,q24h,,,
anti-infective.ts,roxithromycin,罗红霉素,0.15g/片,g,抗感染药/大环内酯类,抗感染用药,Roxithromycin,LHMS,罗红霉素分散片,0.15g,,q12h,,po,呼吸道、软组织感染,对大环内酯过敏者禁用,胃肠道反应,CYP3A4抑制,,,,,q12h,,,
anti-infective.ts,streptomycin,链霉素,1g/支,g,抗感染药/氨基糖苷类,抗感染用药,Streptomycin,LMS,硫酸链霉素注射液,0.75-1g,,q24h,,im,结核病、鼠疫,孕妇禁用、听力下降禁用,耳毒性、肾毒性,与利尿剂合用增加毒性,,,,,q24h,,,
anti-infective.ts,netilmicin,奈替米星,0.1g/支,g,抗感染药/氨基糖苷类,抗感染用药,Netilmicin,NTMX,硫酸奈替米星注射液,4-6mg/kg,,q24h,,iv,革兰氏阴性菌感染,孕妇、肾功能不全禁用,耳毒性、肾毒性,监测血药浓度,,,,,q24h,,,
anti-infective.ts,clindamycin,克林霉素,0.15g/粒,g,抗感染药/林可酰胺类,抗感染用药,Clindamycin,KLMS,盐酸克林霉素胶囊,0.6g,,q8h,,po,厌氧菌感染、MRSA皮肤感染,克林霉素过敏者禁用,伪膜性肠炎、腹泻,与红霉素拮抗,,,,,q8h,,,
anti-infective.ts,lincomycin,林可霉素,0.6g/支,g,抗感染药/林可酰胺类,抗感染用药,Lincomycin,LKMS,盐酸林可霉素注射液,0.6g,,q8h,,iv/im,革兰氏阳性菌及厌氧菌感染,林可霉素过敏者禁用,伪膜性肠炎、肝毒性,与红霉素拮抗,,,,,q8h,q12h,,
anti-infective.ts,amphotericin_b,两性霉素B,50mg/支,mg,抗感染药/抗真菌药,抗感染用药,Amphotericin B,LXMSB,两性霉素B注射液,0.5-1mg/kg,,q24h,,iv,系统性真菌感染,肾功能不全慎用,肾毒性、输液反应,输注前预防用药,,,,,q24h,,,
anti-infective.ts,nystatin,制霉菌素,50万单位/片,万单位,抗感染药/抗真菌药,抗感染用药,Nystatin,ZMJS,制霉菌素片,200万单位,,q6h,,po,消化道念珠菌感染,对制霉菌素过敏者禁用,恶心、腹泻,不吸收,,,,,q6h,,,
anti-infective.ts,itraconazole,伊曲康唑,0.1g/粒,g,抗感染药/三唑类抗真菌药,抗感染用药,Itraconazole,YQKZ,斯皮仁诺,0.2g,,q12h,,po,深部真菌感染、甲真菌病,孕妇、肝功能不全禁用,肝毒性、心衰,与CYP3A4底物相互作用多,,,,,q12h,q24h,,
anti-infective.ts,voriconazole,伏立康唑,0.2g/片,g,抗感染药/三唑类抗真菌药,抗感染用药,Voriconazole,FLKZ,威凡,0.2g,,q12h,,po,侵袭性曲霉病,肝功能不全慎用,视觉障碍、肝毒性,CYP2C19多态性影响,,,,,q12h,,,
anti-infective.ts,caspofungin,卡泊芬净,50mg/支,mg,抗感染药/棘白菌素类,抗感染用药,Caspofungin,KPFJ,科赛斯,50mg,,q24h,,iv,侵袭性念珠菌病、曲霉病,对棘白菌素过敏者禁用,输液反应、肝酶升高,与环孢素合用增加肝毒性,,,,,q24h,,,
anti-infective.ts,ribavirin,利巴韦林,0.15g;0.25g/片,g,抗感染药/抗病毒药,抗感染用药,Ribavirin,LBWL,病毒唑,0.8-1.2g,,bid,,po,呼吸道合胞病毒感染、慢性丙型肝炎,孕妇、严重贫血禁用,溶血性贫血、畸胎,与核苷类逆转录酶抑制剂拮抗,,,,,bid,tid,,
anti-infective.ts,oseltamivir,奥司他韦,75mg/粒,mg,抗感染药/神经氨酸酶抑制剂,抗感染用药,Oseltamivir,ASTW,达菲,75mg,,bid,,po,甲型和乙型流感,对奥司他韦过敏者禁用,恶心、呕吐、神经精神症状,无明显药物相互作用,,,,,bid,,,
anti-infective.ts,ganciclovir,更昔洛韦,0.25g/片,g,抗感染药/抗疱疹病毒药,抗感染用药,Ganciclovir,GXLW,丽科伟,1g,,tid,,po,巨细胞病毒感染,中性粒细胞<500禁用,骨髓抑制、生殖毒性,与AZT合用增加血液毒性,,,,,tid,,,
anti-infective.ts,valganciclovir,缬更昔洛韦,450mg/片,mg,抗感染药/抗疱疹病毒药,抗感染用药,Valganciclovir,XGXLW,万赛维,900mg,,bid,,po,CMV视网膜炎、器官移植CMV预防,中性粒细胞<500禁用,骨髓抑制、腹泻,与肾毒性药物合用需监测,,,,,bid,,,
anti-infective.ts,lamivudine,拉米夫定,100mg/片,mg,抗感染药/核苷类逆转录酶抑制剂,抗感染用药,Lamivudine,LMFD,贺普丁,100mg,,qd,,po,慢性乙型肝炎、HIV感染,对拉米夫定过敏者禁用,头痛、恶心、耐药性,与干扰素联用增强疗效,,,,,qd,,,
anti-infective.ts,adefovir_dipivoxil,阿德福韦酯,10mg/片,mg,抗感染药/核苷(酸)类逆转录酶抑制剂,抗感染用药,Adefovir Dipivoxil,ADFWZ,贺维力,10mg,,qd,,po,慢性乙型肝炎,对阿德福韦过敏者禁用,肾毒性、骨软化症,与肾毒性药物合用需监测,,,,,qd,,,
anti-infective.ts,tenofovir_disoproxil_fumarate,富马酸替诺福韦酯,300mg/片,mg,抗感染药/核苷酸类逆转录酶抑制剂,抗感染用药,Tenofovir Disoproxil Fumarate,FMSTNFWZ,韦瑞德,300mg,,qd,,po,慢性乙型肝炎、HIV感染,对替诺福韦过敏者禁用,肾毒性、骨密度降低,与二去羟肌苷合用增加毒性,,,,,qd,,,
anti-infective.ts,albendazole,阿苯达唑,0.2g/片,g,抗感染药/抗蠕虫药,抗感染用药,Albendazole,ABDZ,肠虫清,0.4g,,once,,po,蛔虫、蛲虫、钩虫、鞭虫、囊虫病,孕妇、活动性溃疡禁用,胃肠道反应、肝毒性,与西咪替丁合用增加血药浓度,,,,,once,qd,bid,
anti-infective.ts,mebendazole,甲苯咪唑,0.1g/片,g,抗感染药/抗蠕虫药,抗感染用药,Mebendazole,JBMZ,安乐士,0.2g,,bid,,po,蛔虫、蛲虫、钩虫、鞭虫,孕妇禁用,腹痛、腹泻,与抗癫痫药合用降低血药浓度,,,,,bid,,,
anti-infective.ts,praziquantel,吡喹酮,0.2g;0.6g/片,mg/kg,抗感染药/抗吸虫和绦虫药,抗感染用药,Praziquantel,BKT,吡喹酮片,20mg/kg,,tid,,po,血吸虫病、华支睾吸虫病、绦虫病,眼囊虫病禁用,头晕、恶心、腹痛,与氯喹合用降低血药浓度,,,,,tid,,,
anti-infective.ts,metronidazole,甲硝唑,0.2g;0.4g/片,g,抗感染药/抗原虫药,抗感染用药,Metronidazole,JXZ,灭滴灵,0.4-0.6g,,tid,,po,阿米巴病、滴虫病、厌氧菌感染,活动性中枢神经系统疾病禁用,恶心、金属味、双硫仑反应,避免饮酒,,,,,tid,,,
anti-infective.ts,tinidazole,替硝唑,0.5g/片,g,抗感染药/抗原虫药,抗感染用药,Tinidazole,TXZ,替硝唑片,1-2g,,qd,,po,阿米巴病、滴虫病、厌氧菌感染,妊娠早期、中枢神经系统疾病禁用,恶心、金属味、双硫仑反应,避免饮酒,,,,,qd,,,
anti-infective.ts,nitrofurantoin,呋喃妥因,0.1g/片,g,抗感染药/硝基呋喃类,抗感染用药,Nitrofurantoin,FNTY,呋喃妥因片,0.1g,,qid,,po,尿路感染,CrCl<60、G6PD缺乏禁用,恶心、肺毒性、周围神经病变,与镁铝制酸剂合用降低吸收,,,,,qid,,,
anti-infective.ts,piperacillin_tazobactam,哌拉西林他唑巴坦,4.5g/支,g,抗感染药/β-内酰胺类/青霉素+β-内酰胺酶抑制剂,抗感染用药,Piperacillin/Tazobactam,PLXLTZBT,特治星,4.5g,,q6h,,iv,严重腹腔感染、医院获得性肺炎,青霉素过敏者禁用,腹泻、皮疹,与氨基糖苷类协同,,,,,q6h,q8h,,
anti-infective.ts,cefoperazone_sulbactam,头孢哌酮舒巴坦,2g/支,g,抗感染药/β-内酰胺类/头孢+β-内酰胺酶抑制剂,抗感染用药,Cefoperazone/Sulbactam,TBPTSBT,舒普深,2-4g,,q12h,,iv,严重细菌感染,头孢过敏者禁用,腹泻、出血倾向,避免饮酒(双硫仑反应),,,,,q12h,,,
anti-infective.ts,tetracycline,四环素,0.25g/片,g,抗感染药/四环素类,抗感染用药,Tetracycline,SHS,盐酸四环素片,0.25-0.5g,,q6h,,po,支原体、衣原体、立克次体感染,孕妇、8岁以下儿童禁用,牙齿变色、光敏反应、胃肠道反应,与奶制品、抗酸药间隔服用,,,,,q6h,,,
anti-infective.ts,chloramphenicol,氯霉素,0.5g/支,g,抗感染药/氯霉素类,抗感染用药,Chloramphenicol,LMS,氯霉素注射液,0.5-1g,,q6h,,iv,伤寒、脑膜炎,骨髓抑制、新生儿禁用,骨髓抑制、灰婴综合征,抑制CYP450,,,,,q6h,,,
anti-infective.ts,cetirizine,西替利嗪,10mg/片,mg,抗过敏药/第二代抗组胺药,抗感染用药,Cetirizine,XTLQ,仙特明,10mg,,qd,,po,过敏性鼻炎、荨麻疹,对西替利嗪过敏者禁用,嗜睡、头痛,与CNS抑制剂合用增强作用,,,,,qd,,,
anti-infective.ts,loratadine,氯雷他定,10mg/片,mg,抗过敏药/第二代抗组胺药,抗感染用药,Loratadine,LLTD,克敏能,10mg,,qd,,po,过敏性鼻炎、荨麻疹,对氯雷他定过敏者禁用,头痛、嗜睡,CYP3A4和2D6底物,,,,,qd,,,
anti-infective.ts,desloratadine,地氯雷他定,5mg/片,mg,抗过敏药/第二代抗组胺药,抗感染用药,Desloratadine,DLLTD,芙必叮,5mg,,qd,,po,过敏性鼻炎、荨麻疹,对地氯雷他定过敏者禁用,头痛、口干,无明显药物相互作用,,,,,qd,,,
anti-infective.ts,fexofenadine,非索非那定,60mg;120mg;180mg/片,mg,抗过敏药/第二代抗组胺药,抗感染用药,Fexofenadine,FSFND,艾来,60-180mg,,qd,,po,过敏性鼻炎、荨麻疹,对非索非那定过敏者禁用,头痛、恶心,与果汁同服降低吸收,,,,,qd,bid,,
anti-infective.ts,ketotifen,酮替芬,1mg/片,mg,抗过敏药/抗组胺药,抗感染用药,Ketotifen,TTF,酮替芬片,2mg,,bid,,po,过敏性鼻炎、哮喘预防,对酮替芬过敏者禁用,嗜睡、体重增加,与CNS抑制剂合用增强作用,,,,,bid,,,
anti-infective.ts,rifaximin,利福昔明,0.2g/片,g,肠道抗感染药,抗感染用药,Rifaximin,LFXM,诺尔曼,0.6-1.2g,,bid,,po,肝性脑病、旅行者腹泻,肠梗阻禁用,腹胀、恶心,不吸收入血,肠道选择性抗生素,C,正常剂量,正常剂量,bid,tid,,
anti-infective.ts,ciclosporin,环孢素,25mg;50mg;100mg/粒,mg/kg,免疫抑制剂/钙调磷酸酶抑制剂,抗感染用药,Cyclosporine,HBS,新山地明,3-5mg/kg,,bid,,po,器官移植排斥反应、自身免疫性疾病,未控制的高血压、未控制的感染禁用,肾毒性、高血压、多毛症,"CYP3A4底物,与葡萄柚汁相互作用",监测血药浓度,C,肾功能不全需监测,肝功能不全需减量,bid,,,
anti-infective.ts,roxadustat,罗沙司他,20mg;50mg,mg,低氧诱导因子脯氨酰羟化酶抑制剂,抗感染用药,Roxadustat,LSST,爱瑞卓,根据体重和血红蛋白水平调整,,tiw,,po,肾性贫血,对本品过敏,高钾血症;高血压;血栓事件,磷结合剂;HMG-CoA还原酶抑制剂,,,,,tiw,,,
anti-infective.ts,finerenone,非奈利酮,10mg;20mg,mg,非甾体类盐皮质激素受体拮抗剂,抗感染用药,Finerenone,FNLT,可申达,10-20mg,,qd,,po,与2型糖尿病相关的慢性肾脏病,血清钾>5.0mmol/L;Addison病,高钾血症;低血压,强CYP3A4抑制剂;保钾利尿剂,,,,,qd,,,
anti-infective.ts,mycophenolate,吗替麦考酚酯,0.25g;0.5g/片,g,免疫抑制剂/嘌呤合成抑制剂,抗感染用药,Mycophenolate Mofetil,MTMKFZ,骁悉,1-1.5g,,bid,,po,器官移植排斥反应,妊娠、严重胃肠道疾病禁用,胃肠道反应、白细胞减少、感染,与抗酸药间隔服用,嘌呤合成抑制,D,CrCl<25需监测,肝功能不全慎用,bid,,,
oncology.ts,leucovorin,亚叶酸钙,25mg;100mg;200mg,mg,化疗增效剂,肿瘤用药,Leucovorin,YYSG,亚叶酸钙片,根据方案调整,,prn,,iv,结直肠癌(与5-FU联用);甲氨蝶呤解救,无,恶心;呕吐;腹泻,5-FU;甲氨蝶呤,,,,,prn,,,
oncology.ts,irinotecan,伊立替康,40mg;100mg,mg,拓扑异构酶抑制剂,肿瘤用药,Irinotecan,YLTK,开普拓,125-180mg/m²,,q2w,,ivgtt,结直肠癌;胰腺癌;小细胞肺癌,慢性肠道炎症;肠梗阻;严重骨髓抑制,迟发性腹泻;中性粒细胞减少;胆碱能综合征,酮康唑;利福平;UGT1A1基因型,,,,,q2w,,,
oncology.ts,sintilimab,信迪利单抗,100mg/10ml,mg,免疫检查点抑制剂,肿瘤用药,Sintilimab,XDLDK,达伯舒,200mg,,q3w,,ivgtt,霍奇金淋巴瘤;非小细胞肺癌;肝细胞癌,对本品过敏,免疫相关不良反应(肺炎、结肠炎、肝炎等),皮质激素,,,,,q3w,,,
oncology.ts,bacillus-calmette-guerin,卡介苗,50mg/支,mg,免疫调节剂,肿瘤用药,Bacillus Calmette-Guerin,KJM,卡介苗,每周1次共6周,,qw,,intravesical,非肌层浸润性膀胱癌(NMIBC)的辅助治疗,免疫缺陷;活动性结核;膀胱插管创伤,膀胱刺激症状;血尿;发热;菌血症,免疫抑制剂;抗生素,,,,,qw,,,
oncology.ts,capecitabine,卡培他滨,150mg;500mg,mg,抗代谢药物,肿瘤用药,Capecitabine,KPTB,希罗达,1000-1250mg/m²,,bid,,po,乳腺癌;结直肠癌;胃癌,严重肾功能不全;DPD缺乏症,手足综合征;腹泻;恶心,华法林;苯妥英钠,,,,,bid,,,
oncology.ts,gemcitabine,吉西他滨,200mg;1g,mg,抗代谢药物,肿瘤用药,Gemcitabine,JXTB,健择,1000mg/m²,,qw,,ivgtt,胰腺癌;肺癌;乳腺癌;膀胱癌,对本品过敏;妊娠;哺乳,骨髓抑制;流感样症状;皮疹,铂类;紫杉醇,,,,,qw,q3w,,
oncology.ts,donafenib,多纳非尼,100mg,mg,靶向药物,肿瘤用药,Donafenib,DNFN,泽普生,150mg,,qd,,po,肝细胞癌,对本品过敏,手足综合征;高血压;蛋白尿;疲劳,强CYP3A4抑制剂/诱导剂,,,,,qd,,,
oncology.ts,osimertinib,奥希替尼,40mg;80mg,mg,靶向药物,肿瘤用药,Osimertinib,AXTN,泰瑞沙,80mg,,qd,,po,EGFR突变的非小细胞肺癌,对本品过敏,皮疹;腹泻;间质性肺病,强CYP3A4诱导剂,,,,,qd,,,
oncology.ts,olaparib,奥拉帕利,100mg;150mg,mg,靶向药物,肿瘤用药,Olaparib,ALPL,利普卓,300mg,,bid,,po,卵巢癌;乳腺癌;胰腺癌(BRCA突变),对本品过敏,贫血;恶心;疲劳,强CYP3A4抑制剂/诱导剂,,,,,bid,,,
oncology.ts,oxaliplatin,奥沙利铂,50mg;100mg,mg,铂类化疗药物,肿瘤用药,Oxaliplatin,ASLB,乐沙定,85-130mg/m²,,q2w,,ivgtt,结直肠癌,对铂类药物过敏;哺乳期,神经毒性;恶心呕吐;骨髓抑制,氟尿嘧啶;肾毒性药物,,,,,q2w,,,
oncology.ts,pembrolizumab,帕博利珠单抗,100mg/4ml,mg,免疫检查点抑制剂,肿瘤用药,Pembrolizumab,PBLZDK,可瑞达,200mg,,q3w,,ivgtt,黑色素瘤;肺癌;头颈癌等多种实体瘤,对本品过敏,免疫相关不良反应(肺炎、结肠炎、肝炎等),皮质激素,,,,,q3w,,,
oncology.ts,trifluridine-tipiracil,曲氟尿苷替匹嘧啶片,15mg/6.14mg;20mg/8.19mg,mg,化疗药物,肿瘤用药,Trifluridine/Tipiracil,QFNGTPMDP,朗斯弗,35mg/m²,,bid,,po,难治性转移性结直肠癌,严重骨髓抑制;对本品过敏,骨髓抑制;恶心;疲劳;腹泻,无特殊相互作用,,,,,bid,,,
oncology.ts,tislelizumab,替雷利珠单抗,100mg/10ml,mg,免疫检查点抑制剂,肿瘤用药,Tislelizumab,TLLZDK,百泽安,200mg,,q3w,,ivgtt,膀胱癌;肺癌;肝癌;霍奇金淋巴瘤,对本品过敏,免疫相关不良反应(肺炎、结肠炎、肝炎等),皮质激素,,,,,q3w,,,
oncology.ts,fluorouracil,氟尿嘧啶,250mg;500mg,mg,抗代谢药物,肿瘤用药,5-Fluorouracil,FNMD,5氟尿嘧啶,根据方案调整,,continuous,,ivgtt,结直肠癌;胃癌;胰腺癌;乳腺癌,严重骨髓抑制;DPD缺乏症,骨髓抑制;口腔炎;腹泻;手足综合征,甲氨蝶呤;亚叶酸钙(增强疗效),,,,,continuous,,,
oncology.ts,regorafenib,瑞戈非尼,40mg,mg,靶向药物,肿瘤用药,Regorafenib,RGFN,拜万戈,160mg,,qd,,po,结直肠癌;肝细胞癌;胃肠道间质瘤,对本品过敏,手足综合征;高血压;疲劳;肝功能异常,强CYP3A4抑制剂/诱导剂,,,,,qd,,,
oncology.ts,albumin-bound-paclitaxel,白蛋白结合型紫杉醇,100mg,mg,微管抑制剂,肿瘤用药,Albumin-bound Paclitaxel,BDBJHXZSC,Abraxane,125mg/m²,,qw,,ivgtt,胰腺癌;乳腺癌;非小细胞肺癌,中性粒细胞计数<1.5×10⁹/L;对本品过敏,骨髓抑制;周围神经病变;脱发,无特殊相互作用,,,,,qw,q3w,,
oncology.ts,sorafenib,索拉非尼,200mg,mg,靶向药物,肿瘤用药,Sorafenib,SLFN,多吉美,400mg,,bid,,po,肝细胞癌;肾细胞癌;分化型甲状腺癌,对本品过敏,手足综合征;腹泻;高血压;疲劳,强CYP3A4抑制剂/诱导剂,,,,,bid,,,
oncology.ts,paclitaxel,紫杉醇,30mg/5ml;100mg/16.7ml,mg,微管抑制剂,肿瘤用药,Paclitaxel,ZSC,泰素,135-175mg/m²,,q3w,,ivgtt,卵巢癌;乳腺癌;非小细胞肺癌,严重中性粒细胞减少;对本品过敏,骨髓抑制;过敏反应;神经毒性,顺铂;酮康唑,,,,,q3w,,,
oncology.ts,enfortumab-vedotin,维迪西妥单抗,20mg;30mg,mg,抗体药物偶联物,肿瘤用药,Enfortumab Vedotin,WDXTDK,爱地希,1.25mg/kg,,q3w,,ivgtt,局部晚期或转移性尿路上皮癌,对本品过敏,周围神经病变;皮肤反应;疲劳;恶心,强CYP3A4抑制剂,,,,,q3w,,,
oncology.ts,cetuximab,西妥昔单抗,100mg/50ml,mg,靶向药物,肿瘤用药,Cetuximab,XTXDK,爱必妥,400mg/m²首剂随后250mg/m²,,qw,,ivgtt,结直肠癌;头颈部鳞癌,对本品过敏;间质性肺病,皮疹;输注反应;腹泻;低镁血症,无特殊相互作用,,,,,qw,,,
oncology.ts,bevacizumab,贝伐珠单抗,100mg/4ml;400mg/16ml,mg,靶向药物,肿瘤用药,Bevacizumab,BFZDK,安维汀,5-10mg/kg,,q2w,,ivgtt,结直肠癌;肺癌;卵巢癌;肾癌,出血;血栓;胃肠道穿孔;高血压,高血压;蛋白尿;出血;血栓,无特殊相互作用,,,,,q2w,q3w,,
oncology.ts,atezolizumab,阿替利珠单抗,1200mg/20ml,mg,免疫检查点抑制剂,肿瘤用药,Atezolizumab,ATLZDK,特瑞普利,1200mg,,q3w,,ivgtt,非小细胞肺癌;肝细胞癌;尿路上皮癌,对本品过敏,免疫相关不良反应(肺炎、结肠炎、肝炎等),皮质激素,,,,,q3w,,,
oncology.ts,cisplatin,顺铂,10mg;20mg;50mg,mg,铂类化疗药物,肿瘤用药,Cisplatin,SB,顺铂注射液,根据方案调整如70mg/m²,,q3w,,ivgtt,膀胱癌;肺癌;卵巢癌;睾丸癌,严重肾功能不全;对铂类过敏;听力障碍,肾毒性;耳毒性;恶心呕吐;神经毒性,氨基糖苷类抗生素;袢利尿剂,,,,,q3w,,,
oncology.ts,carboplatin,卡铂,50mg;150mg;450mg,mg,铂类抗肿瘤药,肿瘤用药,Carboplatin,KB,卡铂注射液,300-400mg/m²,,q3w,,iv,甲状腺癌;神经内分泌肿瘤;卵巢癌,严重骨髓抑制;严重肾功能不全;妊娠,骨髓抑制;肾毒性;神经毒性;过敏反应,氨基糖苷类;顺铂;其他肾毒性药物,充分水化预防肾毒性,D,肌酐清除率<60ml/min减量,正常剂量,q3w,q4w,,
oncology.ts,doxorubicin,阿霉素,10mg;50mg,mg,蒽环类抗肿瘤药,肿瘤用药,Doxorubicin,AMS,阿霉素注射液,60-75mg/m²,,q3w,,iv,甲状腺癌;神经内分泌肿瘤;乳腺癌,严重心功能不全;严重骨髓抑制;妊娠,心脏毒性;骨髓抑制;脱发;恶心呕吐,地高辛;华法林;环磷酰胺,监测心功能避免外渗,D,正常剂量,肝功能损害时减量,q3w,,,
oncology.ts,sunitinib,舒尼替尼,12.5mg;25mg;37.5mg;50mg,mg,多靶点酪氨酸激酶抑制剂,肿瘤用药,Sunitinib,SNTN,索坦,50mg,,qd,,po,神经内分泌肿瘤;肾细胞癌;胃肠间质瘤,妊娠;严重心功能不全;QT间期延长,疲乏;腹泻;恶心;中性粒细胞减少;血小板减少,华法林;地高辛;酮康唑,可与或不与食物同服,D,正常剂量,肝功能损害时减量,qd,,,
oncology.ts,everolimus,依维莫司,2.5mg;5mg;10mg,mg,mTOR抑制剂,肿瘤用药,Everolimus,YWMS,飞尼妥,10mg,,qd,,po,神经内分泌肿瘤;肾细胞癌;乳腺癌,妊娠;严重肝功能不全;活动性感染,口炎;皮疹;疲乏;腹泻;感染风险增加,CYP3A4抑制剂;活疫苗;ACE抑制剂,餐时服用避免柚子汁,D,正常剂量,肝功能损害时减量,qd,,,
oncology.ts,lanreotide,兰瑞肽,60mg;90mg;120mg,mg,生长抑素类似物,肿瘤用药,Lanreotide,LRT,索马杜林,120mg,,q4w,,im,神经内分泌肿瘤;肢端肥大症,胆囊疾病;严重肝肾功能不全,腹痛;腹泻;胆囊结石;糖尿病;注射部位疼痛,胰岛素;华法林,深部肌肉注射室温复温,B,肾功能不全时减量,肝功能损害时减量,q4w,,,
oncology.ts,pazopanib,帕唑帕尼,200mg;400mg,mg,酪氨酸激酶抑制剂,肿瘤用药,Pazopanib,PZPN,维全特,800mg,,qd,,po,甲状腺癌;肾细胞癌;软组织肉瘤,妊娠;严重肝功能不全;未控制的高血压,腹泻;高血压;恶心;疲乏;肝酶升高,华法林;西咪替丁;利福平,空腹服用避免葡萄柚汁,D,正常剂量,肝功能损害时减量或禁用,qd,,,
oncology.ts,gefitinib,吉非替尼,250mg,mg,EGFR酪氨酸激酶抑制剂,肿瘤用药,Gefitinib,JFTN,易瑞沙,250mg,,qd,,po,EGFR突变阳性非小细胞肺癌,妊娠;严重间质性肺炎,腹泻;皮疹;甲沟炎;间质性肺炎,华法林;苯妥英;利福平,可与或不与食物同服,D,正常剂量,肝功能损害时谨慎,qd,,,
oncology.ts,erlotinib,厄洛替尼,25mg;100mg;150mg,mg,EGFR酪氨酸激酶抑制剂,肿瘤用药,Erlotinib,ELTN,特罗凯,150mg,,qd,,po,EGFR突变阳性非小细胞肺癌,妊娠;严重肝功能损害,腹泻;皮疹;疲乏;呼吸困难,华法林;阿托伐他汀,空腹服用避免葡萄柚汁,D,正常剂量,肝功能损害时减量,qd,,,
oncology.ts,alectinib,阿来替尼,150mg,mg,ALK抑制剂,肿瘤用药,Alectinib,ALTN,安圣莎,600mg,,bid,,po,ALK阳性非小细胞肺癌,妊娠;严重肝功能损害,便秘;水肿;肌痛;视觉障碍,地高辛;西柚汁,餐时服用,D,正常剂量,肝功能损害时减量,bid,,,
oncology.ts,crizotinib,克唑替尼,200mg;250mg,mg,ALK/ROS1抑制剂,肿瘤用药,Crizotinib,KZTN,赛可瑞,250mg,,bid,,po,ALK/ROS1阳性非小细胞肺癌,妊娠;严重肝功能损害,视觉障碍;恶心;腹泻;水肿,地高辛;华法林,可与或不与食物同服,D,正常剂量,肝功能损害时减量,bid,,,
oncology.ts,trastuzumab,曲妥珠单抗,150mg,mg,HER2单克隆抗体,肿瘤用药,Trastuzumab,QTZDK,赫赛汀,6mg/kg,,q3w,,iv,HER2阳性乳腺癌;HER2阳性胃癌,妊娠;严重心功能不全,心脏毒性;输液反应;感染风险增加,阿霉素;蒽环类;紫杉醇,首次输注前预处理,D,正常剂量,正常剂量,q3w,,,
oncology.ts,pertuzumab,帕妥珠单抗,420mg,mg,HER2单克隆抗体,肿瘤用药,Pertuzumab,PTZDK,帕捷特,840mg首次后420mg维持,,q3w,,iv,HER2阳性乳腺癌,妊娠;严重心功能不全,心脏毒性;腹泻;脱发;中性粒细胞减少,曲妥珠单抗;多西他赛,首次输注监测心功能,D,正常剂量,正常剂量,q3w,,,
oncology.ts,docetaxel,多西他赛,20mg;80mg,mg,紫杉类抗肿瘤药,肿瘤用药,Docetaxel,DXTS,多西他赛注射液,75mg/m²,,q3w,,iv,乳腺癌;肺癌;前列腺癌;胃癌,严重肝功能损害;中性粒细胞<1500,中性粒细胞减少;过敏反应;周围神经病变;水肿,华法林;酮康唑;环孢素,预处理防过敏,D,正常剂量,肝功能损害时减量或禁用,q3w,,,
oncology.ts,tamoxifen,他莫昔芬,10mg;20mg,mg,选择性雌激素受体调节剂,肿瘤用药,Tamoxifen,TMXF,三苯氧胺,20mg,,qd,,po,雌激素受体阳性乳腺癌,妊娠;血栓栓塞病史;子宫内膜癌,潮热;月经不规律;血栓风险;子宫内膜癌风险,华法林;来曲唑,可与或不与食物同服,D,正常剂量,肝功能损害时谨慎,qd,,,
oncology.ts,letrozole,来曲唑,2.5mg,mg,芳香化酶抑制剂,肿瘤用药,Letrozole,LQZ,弗隆,2.5mg,,qd,,po,绝经后雌激素受体阳性乳腺癌,妊娠;绝经前;严重肝功能损害,关节痛;潮热;骨质疏松;疲乏,他莫昔芬;雌激素,可与或不与食物同服,X,正常剂量,严重肝功能损害时谨慎,qd,,,
oncology.ts,ramucirumab,雷莫芦单抗,100mg;500mg,mg,VEGFR2单克隆抗体,肿瘤用药,Ramucirumab,LMLDK,希瑞达,8mg/kg,,q2w,,iv,胃癌;结直肠癌;肺癌,近期严重出血;动脉血栓病史;妊娠,高血压;蛋白尿;出血;输液反应,华法林;抗血小板药,首次输注前预处理,C,正常剂量,正常剂量,q2w,,,
oncology.ts,nivolumab,纳武利尤单抗,40mg;100mg,mg,PD-1单克隆抗体,肿瘤用药,Nivolumab,NWLYDK,欧狄沃,240mg,,q2w,,iv,黑色素瘤;肺癌;肾癌;头颈癌,严重自身免疫病;器官移植史,免疫相关不良反应;疲乏;皮疹;腹泻,免疫抑制剂;糖皮质激素,输注前监测甲状腺功能,C,正常剂量,肝功能损害时谨慎,q2w,,,
oncology.ts,durvalumab,度伐利尤单抗,120mg;500mg,mg,PD-L1单克隆抗体,肿瘤用药,Durvalumab,DFLYDK,英飞凡,10mg/kg,,q2w,,iv,肺癌;尿路上皮癌,严重自身免疫病;活动性感染,免疫相关不良反应;疲乏;皮疹;咳嗽,免疫抑制剂;糖皮质激素,输注前监测肺功能,C,正常剂量,肝功能损害时谨慎,q2w,,,
oncology.ts,ipilimumab,伊匹木单抗,50mg;200mg,mg,CTLA-4单克隆抗体,肿瘤用药,Ipilimumab,YPMDK,易普利姆玛,3mg/kg,,q12w,,iv,黑色素瘤,严重自身免疫病;炎症性肠病,免疫相关不良反应;腹泻;皮疹;肝炎,糖皮质激素;免疫抑制剂,严密监测免疫相关不良反应,C,正常剂量,肝功能损害时谨慎,q12w,,,
oncology.ts,heparin,普通肝素,12500IU/支,IU,血液系统药物/抗凝药,肿瘤用药,Heparin,PTGS,肝素钠注射液,5000-10000IU,,q8h,,sc/iv,血栓栓塞性疾病、DIC,活动性出血、血小板减少症禁用,出血、肝素诱导的血小板减少症,监测APTT,,,,,q8h,q12h,,
oncology.ts,enoxaparin,依诺肝素,4000IU/0.4ml,IU,血液系统药物/抗凝药,肿瘤用药,Enoxaparin,YNGS,克赛,4000-6000IU,,qd,,sc,深静脉血栓、肺栓塞、急性冠脉综合征,活动性出血、血小板减少禁用,出血、HIT风险较普通肝素低,监测抗Xa活性,,,,,qd,bid,,
oncology.ts,fondaparinux,磺达肝癸钠,2.5mg/0.5ml,mg,血液系统药物/抗凝药,肿瘤用药,Fondaparinux,HDGGN,安卓,2.5mg,,qd,,sc,深静脉血栓预防和治疗,活动性出血、CrCl<30禁用,出血、血小板减少,无需监测凝血功能,,,,,qd,,,
oncology.ts,ticagrelor,替格瑞洛,90mg/片,mg,心血管系统药物/抗血小板药,肿瘤用药,Ticagrelor,TGRL,倍林达,90mg,,bid,,po,急性冠脉综合征,活动性出血、颅内出血史禁用,呼吸困难、出血,与强效CYP3A4抑制剂合用禁忌,,,,,bid,,,
oncology.ts,dipyridamole,双嘧达莫,25mg/片,mg,心血管系统药物/抗血小板药,肿瘤用药,Dipyridamole,SMDM,潘生丁,75-100mg,,tid,,po,缺血性脑血管病、冠心病,严重冠心病急性期禁用,头痛、头晕、胃肠道反应,与阿司匹林协同作用,,,,,tid,,,
oncology.ts,ifosfamide,异环磷酰胺,1g/支,g/m²,抗肿瘤药/烷化剂,肿瘤用药,Ifosfamide,YHLXA,异环磷酰胺注射液,1.2-2.4g/m²,,qd,,iv,睾丸癌、肺癌、淋巴瘤,严重骨髓抑制禁用,骨髓抑制、出血性膀胱炎、CNS毒性,与美司钠合用预防膀胱炎,,,,,qd,,,
oncology.ts,vincristine,长春新碱,1mg/支,mg/m²,抗肿瘤药/长春碱类,肿瘤用药,Vincristine,CCXJ,硫酸长春新碱注射液,1.4mg/m²,,qw,,iv,急性淋巴细胞白血病、淋巴瘤,神经肌肉疾病、肠梗阻禁用,周围神经病变、便秘、SIADH,避免外渗,,,,,qw,,,
oncology.ts,vinblastine,长春碱,10mg/支,mg/m²,抗肿瘤药/长春碱类,肿瘤用药,Vinblastine,CCJ,硫酸长春碱注射液,6mg/m²,,qw,,iv,霍奇金淋巴瘤、睾丸癌,严重骨髓抑制、感染禁用,骨髓抑制、周围神经病变,避免外渗,,,,,qw,,,
oncology.ts,bicalutamide,比卡鲁胺,50mg/片,mg,抗肿瘤药/抗雄激素药,肿瘤用药,Bicalutamide,BKLA,康士得,50mg,,qd,,po,前列腺癌,女性禁用,男性乳房发育、肝毒性、潮热,与华法林合用增加INR,,,,,qd,,,
oncology.ts,tacrolimus,他克莫司,0.5mg;1mg/粒,mg/kg,免疫抑制剂/钙调磷酸酶抑制剂,肿瘤用药,Tacrolimus,TKMS,普乐可复,0.1-0.2mg/kg,,bid,,po,器官移植排斥反应,对他克莫司过敏者禁用,肾毒性、神经毒性、高血糖,CYP3A4底物,,,,,bid,,,
oncology.ts,azathioprine,硫唑嘌呤,50mg/片,mg/kg,免疫抑制剂/嘌呤类似物,肿瘤用药,Azathioprine,LZPL,硫唑嘌呤片,1-3mg/kg,,qd,,po,器官移植、自身免疫性疾病,孕妇、严重肝功能不全禁用,骨髓抑制、肝毒性、感染,与别嘌醇合用需减量75%,,,,,qd,,,
oncology.ts,clofarabine,氯法拉滨,20mg/支,mg/m²,免疫抑制剂/嘌呤类似物,肿瘤用药,Clofarabine,LFLB,氯法拉滨注射液,52mg/m²,,qd-for-5days,,iv,儿童急性淋巴细胞白血病,严重肝肾功能不全禁用,骨髓抑制、感染、肝肾毒性,监测肝肾功能,,,,,qd-for-5days,,,
oncology.ts,lenvatinib,仑伐替尼,4mg;10mg,mg,多靶点酪氨酸激酶抑制剂,肿瘤用药,Lenvatinib,LFTN,乐卫玛,8-12mg,,qd,,po,肝细胞癌;甲状腺癌;肾细胞癌,Child-Pugh B级以上;妊娠;严重心律失常,高血压;蛋白尿;腹泻;疲乏;食欲减退,华法林;地高辛,可与或不与食物同服,D,肌酐清除率<30ml/min减量,Child-Pugh B级减量C级禁用,qd,,,
vitamins-and-nutrition.ts,vitamin-b-complex,复合维生素B,10mg/5mg/0.05mg,mg,复合维生素,维生素及营养药,Thiamine/Pyridoxine/Cyanocobalamin,FHWSSB,维生素B复合片,1-2片,,tid,,po,维生素B缺乏;周围神经炎;糖尿病周围神经病变,对本品成分过敏,偶见过敏反应;胃肠道不适,左多巴;苯妥英钠,,,,,tid,,,
vitamins-and-nutrition.ts,orlistat,奥利司他,120mg,mg,脂肪酶抑制剂,维生素及营养药,Orlistat,ALST,赛尼可,120mg,,tid,,po,肥胖症;体重管理,妊娠;哺乳;慢性吸收不良,油性便;胃肠胀气;急便,脂溶性维生素;环孢素;华法林,,,,,tid,,,
vitamins-and-nutrition.ts,prenatal-multivitamin,孕妇复合维生素,0.8mg叶酸+60mg铁+多种维生素,mg,孕妇专用复合维生素,维生素及营养药,Folic Acid/Iron/Multivitamin,YFFHWSS,爱乐维,1片,,qd,,po,妊娠期及哺乳期维生素和矿物质补充,对本品成分过敏;血色病,胃肠道反应;便秘;黑便,抗酸药;四环素;茶,,,,,qd,,,
vitamins-and-nutrition.ts,labetalol,拉贝洛尔,100mg;200mg,mg,受体阻滞剂,维生素及营养药,Labetalol,LBLE,拉贝洛尔,100-400mg,,bid,,po,妊娠期高血压,哮喘;心动过缓;心源性休克,头晕;体位性低血压;恶心,西咪替丁;维拉帕米,,,,,bid,,,
vitamins-and-nutrition.ts,ferrous-succinate,琥珀酸亚铁,0.1g,g,铁剂,维生素及营养药,Ferrous Succinate,HPSYT,速力菲,0.1-0.2g,,qd,,po,缺铁性贫血,血色病;非缺铁性贫血,胃肠道反应;黑便,四环素;抗酸药;茶,,,,,qd,bid,,
vitamins-and-nutrition.ts,methyldopa,甲基多巴,250mg,mg,中枢性受体激动剂,维生素及营养药,Methyldopa,JJDB,甲基多巴片,250-1000mg,,bid,,po,妊娠期高血压,活动性肝病;嗜铬细胞瘤,嗜睡;头晕;口干;肝损伤,铁剂;锂剂;中枢神经抑制药,,,,,bid,tid,,
vitamins-and-nutrition.ts,vitamin_a,维生素A,25000IU/粒,IU,维生素/脂溶性维生素,维生素和营养药,Vitamin A,WSSA,维生素A软胶囊,25000-50000IU,,qd,,po,维生素A缺乏、夜盲症,孕妇大剂量禁用、慢性肾衰禁用,急慢性中毒、肝毒性、骨痛,与四环素合用增加颅内压,,,,,qd,,,
vitamins-and-nutrition.ts,calcium_carbonate,碳酸钙,600mg/片(含钙240mg),mg,矿物质/钙剂,维生素和营养药,Calcium Carbonate,TSG,钙尔奇,600-1200mg,,bid,,po,钙缺乏、骨质疏松、妊娠补钙,高钙血症、肾结石禁用,便秘、腹胀,与四环素、喹诺酮类间隔2小时,,,,,bid,tid,,
vitamins-and-nutrition.ts,calcium_gluconate,葡萄糖酸钙,0.5g/片,g,矿物质/钙剂,维生素和营养药,Calcium Gluconate,PTTSG,葡萄糖酸钙片,1-2g,,tid,,po,低钙血症、过敏性疾病辅助,高钙血症、地高辛中毒禁用,便秘、恶心,与洋地黄类合用增加毒性,,,,,tid,,,
vitamins-and-nutrition.ts,calcium_lactate,乳酸钙,0.5g/片,g,矿物质/钙剂,维生素和营养药,Calcium Lactate,RSG,乳酸钙片,1-2g,,tid,,po,儿童补钙、孕妇补钙,高钙血症禁用,便秘、腹胀,与铁剂间隔服用,,,,,tid,,,
vitamins-and-nutrition.ts,ferrous_sulfate,硫酸亚铁,0.3g/片(含铁60mg),g,矿物质/铁剂,维生素和营养药,Ferrous Sulfate,LSYT,硫酸亚铁片,0.3g,,tid,,po,缺铁性贫血,溶血性贫血、铁负荷过重禁用,胃肠道反应、黑便,与抗酸药、钙剂间隔服用,,,,,tid,,,
vitamins-and-nutrition.ts,folic_acid,叶酸,5mg/片,mg,血液系统药物/维生素,维生素和营养药,Folic Acid,YS,叶酸片,5-15mg,,qd,,po,巨幼红细胞性贫血、孕期预防神经管畸形,对叶酸过敏者禁用,过敏反应(罕见),与甲氨蝶呤拮抗,,,,,qd,,,
vitamins-and-nutrition.ts,vitamin_b12,氰钴胺,0.5mg/ml,mg,血液系统药物/维生素B12,维生素和营养药,Vitamin B12,QGA,维生素B12注射液,0.1-0.5mg,,qd,,im,巨幼红细胞性贫血,对钴过敏者禁用,过敏反应,与氯霉素拮抗,,,,,qd,,,
vitamins-and-nutrition.ts,cholecalciferol,维生素D3,400IU;800IU/粒,IU,内分泌系统药物/维生素D,维生素和营养药,Cholecalciferol,WSSD,维生素D3软胶囊,400-800IU,,qd,,po,维生素D缺乏、佝偻病,高钙血症禁用,高钙血症,与噻嗪类利尿剂合用增加高钙风险,,,,,qd,,,
vitamins-and-nutrition.ts,calcitriol,骨化三醇,0.25μg/粒,μg,内分泌系统药物/维生素D类似物,维生素和营养药,Calcitriol,GHSC,罗钙全,0.25-1μg,,qd,,po,慢性肾病矿物质代谢紊乱、骨质疏松,高钙血症禁用,高钙血症,监测血钙,,,,,qd,,,
vitamins-and-nutrition.ts,alfacalcidol,阿法骨化醇,0.25μg;0.5μg/粒,μg,内分泌系统药物/维生素D类似物,维生素和营养药,Alfacalcidol,AFGHC,阿法迪三,0.5-1μg,,qd,,po,慢性肾病矿物质代谢紊乱,高钙血症禁用,高钙血症,监测血钙,,,,,qd,,,
vitamins-and-nutrition.ts,zinc,锌,10mg元素锌/片,mg,矿物质/锌剂,维生素和营养药,Zinc,X,葡萄糖酸锌片,10-30mg,,qd,,po,锌缺乏,无禁忌症,胃肠道反应,与铁剂、钙剂间隔服用,,,,,qd,,,
vitamins-and-nutrition.ts,ascorbic_acid,维生素C,100mg;500mg,mg,维生素类,维生素及营养药,Ascorbic Acid,WSSC,维生素C片,100-200mg,,qd,,po,维生素C缺乏;坏血病,高草酸尿症;肾结石,胃肠道反应;草酸盐结石,华法林;铁剂,,,,,qd,bid,,
vitamins-and-nutrition.ts,biotin,生物素,5mg,mg,维生素类,维生素及营养药,Biotin,SWS,生物素片,5-10mg,,qd,,po,生物素缺乏,无,无,无,,,,,qd,,,
vitamins-and-nutrition.ts,ergocalciferol,维生素D2,0.125mg;0.25mg,mg,维生素类,维生素及营养药,Ergocalciferol,WSSD,骨化醇,0.25-1mg,,qd,,po,维生素D缺乏;骨质疏松,高钙血症;肾结石,高钙血症;肾结石;软组织钙化,地高辛;噻嗪类利尿剂,,,,,qd,,,
vitamins-and-nutrition.ts,methylcobalamin,甲钴胺,0.5mg/片,mg,血液系统药物/维生素B12,维生素及营养药,Methylcobalamin,JGA,弥可保,1.5mg,,tid,,po,巨幼红细胞性贫血;周围神经病变,对钴过敏者禁用,过敏反应;胃肠道反应,与氯霉素拮抗,,,,,tid,,,
vitamins-and-nutrition.ts,niacin,烟酸,50mg;100mg;500mg,mg,维生素类/调脂药,维生素及营养药,Niacin,YS,烟酸片,50-2000mg,,qd,,po,烟酸缺乏症;高脂血症,活动性肝病;活动性消化性溃疡,面部潮红;瘙痒;肝毒性;高血糖,他汀类;降糖药,,,,,qd,tid,,
vitamins-and-nutrition.ts,pantothenic_acid,泛酸钙,10mg/片,mg,维生素/水溶性维生素,维生素及营养药,Pantothenic Acid,FSG,泛酸钙片,10-20mg,,qd,,po,泛酸缺乏,无禁忌症,罕见不良反应,无明显药物相互作用,,,,,qd,bid,tid,
vitamins-and-nutrition.ts,pyridoxine,维生素B6,10mg/片,mg,维生素/水溶性维生素,维生素及营养药,Pyridoxine,WSSB,维生素B6片,10-60mg,,tid,,po,维生素B6缺乏;妊娠呕吐;周围神经炎,大剂量长期使用可致神经病变,大剂量周围神经病,与左旋多巴拮抗,,,,,tid,,,
vitamins-and-nutrition.ts,riboflavin,维生素B2,5mg/片,mg,维生素/水溶性维生素,维生素及营养药,Riboflavin,WSSB,维生素B2片,5-10mg,,tid,,po,维生素B2缺乏;口角炎,无禁忌症,黄色尿液(正常现象),与甲氧氯普胺合用增加吸收,,,,,tid,,,
vitamins-and-nutrition.ts,vitamin_e,维生素E,100mg/粒,mg,维生素/脂溶性维生素,维生素及营养药,Vitamin E,WSSE,维生素E软胶囊,100-400mg,,qd,,po,习惯性流产;不孕症;抗氧化,出血倾向者慎用,恶心;腹泻;血栓风险(大剂量),与华法林合用增加出血风险,,,,,qd,bid,tid,
vitamins-and-nutrition.ts,vitamin_k1,维生素K1,10mg/ml,mg,维生素/脂溶性维生素,维生素及营养药,Phytomenadione,WSSK,维生素K1注射液,10-40mg,,prn,,im,维生素K缺乏;新生儿出血;华法林过量,对维生素K过敏者禁用,过敏反应;溶血(新生儿大剂量),拮抗华法林作用,,,,,prn,,,
vitamins-and-nutrition.ts,iron,铁,60mg元素铁/片,mg,矿物质/铁剂,维生素及营养药,Elemental Iron,T,复合维生素铁片,60mg,,qd,,po,缺铁性贫血,铁负荷过重禁用,胃肠道反应,与抗酸药间隔服用,,,,,qd,,,
vitamins-and-nutrition.ts,calcium_folinate,亚叶酸钙,50mg;100mg/支,mg,血液系统药物/叶酸类,维生素及营养药,Leucovorin,YYSG,亚叶酸钙注射液,10-15mg/m²,,prn,,iv,大剂量甲氨蝶呤解救,对亚叶酸过敏者禁用,过敏反应,与5-FU合用增强疗效,,,,,prn,,,
vitamins-and-nutrition.ts,glucose,葡萄糖,5%;10%;25%;50%,ml,能量补充,维生素及营养药,Glucose,PTT,葡萄糖注射液,按需,,prn,,iv,低血糖;能量补充;高渗脱水,高血糖;糖尿病酮症酸中毒,高血糖;电解质紊乱;血栓性静脉炎,胰岛素,,,,,prn,,,
vitamins-and-nutrition.ts,glycerin,开塞露,10ml;20ml/支,ml,消化系统药物/栓剂泻药,维生素及营养药,Glycerol,KSL,开塞露,10-20ml,,prn,,rectal,便秘,肠梗阻禁用,肛门刺激,无明显药物相互作用,,,,,prn,,,
rare-diseases.ts,imiglucerase,伊米苷酶,200U;400U,U,溶酶体贮积病酶替代治疗,罕见病用药,Imiglucerase,YMGM,思而赞,15-60U/kg,,q2w,,iv,I型戈谢病,过敏反应史,输液反应;抗体产生;骨痛,其他酶制剂,输注前预处理,C,正常剂量,正常剂量,q2w,,,
rare-diseases.ts,eliglustat,艾格司他,84mg,mg,葡糖脑苷脂酶抑制剂,罕见病用药,Eliglustat,AGST,赛葳,84mg,,bid,,po,I型戈谢病,严重肝功能不全;CYP2D6差代谢型,疲劳;头痛;恶心;腹泻;背痛,CYP2D6抑制剂;CYP3A抑制剂,可与或不与食物同服,C,正常剂量,肝功能损害时减量或禁用,bid,,,
rare-diseases.ts,agalsidase,阿加糖苷酶,35mg,mg,溶酶体贮积病酶替代治疗,罕见病用药,Agalsidase,AJTGM,法布赞,1mg/kg,,q2w,,iv,法布雷病,严重输液反应,输液反应;发热;寒战;高血压;恶心,血管紧张素转换酶抑制剂,输注前预处理防过敏,C,正常剂量,正常剂量,q2w,,,
rare-diseases.ts,alglucosidase,阿糖苷酶,50mg,mg,溶酶体贮积病酶替代治疗,罕见病用药,Alglucosidase,ATGM,迈兹拜,20mg/kg,,q2w,,iv,庞贝病,严重呼吸功能不全;严重心功能不全,输液反应;免疫反应;呼吸困难,其他酶制剂,输注前预处理,C,正常剂量,正常剂量,q2w,,,
rare-diseases.ts,nusinersen,诺西那生钠,12mg,mg,反义寡核苷酸,罕见病用药,Nusinersen,NXNSN,拯救注射液,12mg,,q4m,,intrathecal,脊髓性肌萎缩症,出血倾向;感染,注射部位反应;头痛;呕吐;发热,抗凝药物;抗血小板药物,无菌操作鞘内注射,C,正常剂量,正常剂量,q4m,,,
rare-diseases.ts,risdiplam,利司扑兰,0.75mg/ml,mg,SMN2剪接修饰剂,罕见病用药,Risdiplam,LSPL,赖氨酸口服液,0.15-5mg,,qd,,po,脊髓性肌萎缩症,妊娠;哺乳,发热;腹泻;皮疹;呼吸道感染,强效CYP1A2诱导剂,餐后服用,C,轻中度肾功能不全无需调整,轻中度肝功能损害无需调整,qd,,,
rare-diseases.ts,octocog,重组凝血因子VIII,250IU;500IU;1000IU;2000IU,IU,凝血因子,罕见病用药,Octocog,CZNXYZV,瑞复明,25-50IU/kg,,prn,,iv,血友病A,凝血因子VIII抑制物,过敏反应;发热;头痛;注射部位反应,其他凝血因子制品,缓慢静脉注射,C,正常剂量,正常剂量,prn,,,
rare-diseases.ts,nonacog,重组凝血因子IX,250IU;500IU;1000IU,IU,凝血因子,罕见病用药,Nonacog,CZNXYZI,睿峰,25-50IU/kg,,prn,,iv,血友病B,凝血因子IX抑制物,过敏反应;血栓栓塞;头痛,其他凝血因子制品,缓慢静脉注射,C,正常剂量,正常剂量,prn,,,
rare-diseases.ts,natalizumab,那他珠单抗,300mg,mg,α4整合素拮抗剂,罕见病用药,Natalizumab,NTZDK,泰沙维,300mg,,q4w,,iv,复发缓解型多发性硬化;克罗恩病,进行性多灶性白质脑病;严重免疫抑制,进行性多灶性白质脑病;过敏反应;肝损伤,其他免疫抑制剂,定期监测JC病毒抗体,C,正常剂量,正常剂量,q4w,,,
rare-diseases.ts,fingolimod,芬戈莫德,0.5mg,mg,鞘磷脂1-磷酸受体调节剂,罕见病用药,Fingolimod,FGMD,吉利德,0.5mg,,qd,,po,复发缓解型多发性硬化,严重心律失常;急性心肌梗塞;活动性感染,心律失常;黄斑水肿;肝酶升高;淋巴细胞减少,免疫抑制剂;活疫苗;β受体阻滞剂,首次给药监测心率,C,正常剂量,肝功能损害时谨慎,qd,,,
respiratory.ts,salbutamol,沙丁胺醇,100mcg/喷,mcg,短效β2受体激动剂,呼吸系统用药,Salbutamol,SDAC,万托林,100-200mcg,,prn,,inh,哮喘;慢阻肺急性发作,心律失常;甲亢,震颤;心悸;头痛;低钾血症,β受体阻滞剂;利尿剂,,,,,prn,,,
respiratory.ts,terbutaline,特布他林,250mcg/喷;2.5mg,mcg,短效β2受体激动剂,呼吸系统用药,Terbutaline,TBTL,博利康尼,250mcg;2.5-5mg,,prn,,inh/po,哮喘;慢阻肺;早产,心律失常;甲亢,震颤;心悸;头痛,β受体阻滞剂;利尿剂,,,,,prn,,,
respiratory.ts,budesonide,布地奈德,100mcg;200mcg;400mcg,mcg,吸入糖皮质激素,呼吸系统用药,Budesonide,BDND,普米克,200-800mcg,,bid,,inh,哮喘;慢阻肺,真菌感染;活动性肺结核,口咽念珠菌病;声音嘶哑;咳嗽,酮康唑;伊曲康唑,,,,,bid,,,
respiratory.ts,fluticasone,丙酸氟替卡松,50mcg;125mcg;250mcg,mcg,吸入糖皮质激素,呼吸系统用药,Fluticasone,BSFTKS,辅舒酮,100-1000mcg,,bid,,inh,哮喘;慢阻肺,真菌感染;活动性肺结核,口咽念珠菌病;声音嘶哑;咳嗽,酮康唑;利托那韦,,,,,bid,,,
respiratory.ts,beclomethasone,丙酸倍氯米松,50mcg;100mcg;250mcg,mcg,吸入糖皮质激素,呼吸系统用药,Beclomethasone,BSBLMS,必可酮,200-800mcg,,bid,,inh,哮喘,真菌感染;活动性肺结核,口咽念珠菌病;声音嘶哑,酮康唑,,,,,bid,,,
respiratory.ts,tiotropium,噻托溴铵,18mcg,mcg,长效抗胆碱能药,呼吸系统用药,Tiotropium,STXA,思力华,18mcg,,qd,,inh,慢阻肺;哮喘,前列腺增生;闭角型青光眼,口干;便秘;尿潴留,抗胆碱药物,,,,,qd,,,
respiratory.ts,ipratropium,异丙托溴铵,20mcg/喷,mcg,短效抗胆碱能药,呼吸系统用药,Ipratropium,YBTXA,爱全乐,20-40mcg,,qid,,inh,慢阻肺;哮喘,前列腺增生;闭角型青光眼,口干;便秘,抗胆碱药物,,,,,qid,,,
respiratory.ts,formoterol,福莫特罗,4.5mcg;9mcg,mcg,长效β2受体激动剂,呼吸系统用药,Formoterol,FMTL,奥克斯都保,9-18mcg,,bid,,inh,哮喘;慢阻肺,心律失常;甲亢,震颤;心悸;头痛,β受体阻滞剂;利尿剂,,,,,bid,,,
respiratory.ts,salmeterol,沙美特罗,25mcg;50mcg,mcg,长效β2受体激动剂,呼吸系统用药,Salmeterol,SMTL,施立稳,50-100mcg,,bid,,inh,哮喘;慢阻肺,心律失常;甲亢,震颤;心悸;头痛,β受体阻滞剂;利尿剂,,,,,bid,,,
respiratory.ts,fluticasone_salmeterol,氟替卡松沙美特罗,50/250mcg;50/500mcg,mcg,激素/长效β2受体激动剂复方,呼吸系统用药,Fluticasone/Salmeterol,FTKSSMTL,舒利迭,50/250-50/500mcg,,bid,,inh,哮喘;慢阻肺,真菌感染;心律失常,口咽念珠菌病;震颤;心悸,酮康唑;β受体阻滞剂,,,,,bid,,,
respiratory.ts,theophylline,茶碱,0.1g;0.2g/片,g,支气管扩张剂/平喘药,呼吸系统用药,Theophylline,CJ,茶碱缓释片,0.2-0.4g,,bid,,po,支气管哮喘、慢性阻塞性肺疾病,活动性消化性溃疡、癫痫禁用,恶心、心动过速、癫痫,CYP1A2底物,,,,,bid,,,
respiratory.ts,aminophylline,氨茶碱,0.25g/支,g,支气管扩张剂/平喘药,呼吸系统用药,Aminophylline,ACJ,氨茶碱注射液,0.25g,,prn,,iv,哮喘急性发作、心源性哮喘,心肌梗死急性期禁用,心律失常、低血压,CYP1A2底物,,,,,prn,,,
respiratory.ts,chlorphenamine,氯苯那敏,4mg/片,mg,抗组胺药,呼吸系统用药,Chlorpheniramine,LBNM,扑尔敏,4mg,,tid,,po,过敏性鼻炎、荨麻疹、皮肤瘙痒,新生儿、哺乳期禁用,嗜睡、口干、尿潴留,与CNS抑制剂合用增强作用,,,,,tid,,,
respiratory.ts,montelukast,孟鲁司特,4mg;5mg;10mg/片,mg,白三烯受体拮抗剂,呼吸系统用药,Montelukast,MLST,顺尔宁,10mg,,qhs,,po,支气管哮喘、过敏性鼻炎,对孟鲁司特过敏者禁用,头痛、腹痛、神经精神症状,无明显药物相互作用,,,,,qhs,,,
respiratory.ts,dextromethorphan,右美沙芬,15mg/片,mg,中枢性镇咳药,呼吸系统用药,Dextromethorphan,YMSF,美沙芬片,15-30mg,,q4h,,po,干咳,与MAOIs合用禁忌,嗜睡、头晕,与5-HT能药物合用增加5-HT综合征风险,,,,,q4h,q6h,,
respiratory.ts,codeine,可待因,15mg;30mg/片,mg,中枢性镇咳药/阿片类,呼吸系统用药,Codeine,KDY,磷酸可待因片,15-30mg,,q4h,,po,中度干咳,哮喘急性发作、呼吸抑制禁用,便秘、嗜睡、成瘾,与CNS抑制剂合用增强作用,,,,,q4h,q6h,,
respiratory.ts,acetylcysteine,乙酰半胱氨酸,0.2g,g,祛痰药,呼吸系统用药,Acetylcysteine,YXBGAS,富露施,0.4-0.6g,,bid,,po,痰液黏稠不易咳出、对乙酰氨基酚中毒,活动性消化性溃疡禁用,恶心、支气管痉挛,与青霉素类抗生素有配伍禁忌,具有抗氧化作用,B,正常剂量,正常剂量,bid,tid,,
respiratory.ts,ambroxol,氨溴索,30mg,mg,祛痰药,呼吸系统用药,Ambroxol,AXS,沐舒坦,30mg,,tid,,po,急慢性呼吸道疾病痰液排出障碍,对氨溴索过敏者禁用,恶心、胃肠道不适,与抗生素合用增强抗生素在肺部浓度,促进肺泡表面活性物质分泌,C,正常剂量,正常剂量,tid,,,
respiratory.ts,bromhexine,溴己新,8mg,mg,祛痰药,呼吸系统用药,Bromhexine,XJX,必嗽平,16mg,,tid,,po,慢性支气管炎、支气管哮喘,对溴己新过敏者禁用,恶心、胃部不适,与抗生素合用增强抗生素作用,氨溴索的前体药物,C,正常剂量,正常剂量,tid,,,
respiratory.ts,carbocisteine,羧甲司坦,0.25g,g,祛痰药,呼吸系统用药,Carbocisteine,SJST,羧甲司坦口服溶液,0.5g,,tid,,po,慢性支气管炎、支气管扩张,活动性消化性溃疡禁用,胃肠道反应、皮疹,与抗生素合用协同作用,调节痰液黏稠度,C,正常剂量,正常剂量,tid,,,
respiratory.ts,erdosteine,厄多司坦,0.3g,g,祛痰药,呼吸系统用药,Erdosteine,EDST,厄多司坦胶囊,0.6g,,bid,,po,慢性支气管炎、COPD,对厄多司坦过敏者禁用,胃肠道反应,无明显药物相互作用,黏液溶解剂,C,正常剂量,肝功能不全慎用,bid,,,
respiratory.ts,doxofylline,多索茶碱,0.2g,g,平喘药,呼吸系统用药,Doxofylline,DSCJ,多索茶碱片,0.4g,,bid,,po,支气管哮喘、慢性阻塞性肺疾病,急性心肌梗死禁用,头痛、胃肠道反应,与喹诺酮类合用需监测,较茶碱不良反应少,C,正常剂量,肝功能不全需减量,bid,,,
hematology.ts,aspirin,阿司匹林,25mg;100mg;300mg,mg,NSAIDs,血液系统用药,Aspirin,ASPL,拜阿司匹灵,75-300mg,,qd,,po,解热镇痛;抗血小板;心血管疾病预防,活动性消化性溃疡;出血倾向;阿司匹林哮喘;妊娠末期,胃肠道反应;出血倾向;过敏反应;瑞氏综合征,华法林;甲氨蝶呤;糖皮质激素,,,,,qd,,,
hematology.ts,paracetamol,对乙酰氨基酚,0.15g;0.3g;0.5g,g,解热镇痛药,血液系统用药,Paracetamol,DYXAJF,泰诺林,0.3-0.6g,,q4h,,po,发热;疼痛,严重肝功能不全;对该药过敏,肝毒性;皮疹;血液系统反应,华法林;异烟肼,,,,,q4h,q6h,,
hematology.ts,ibuprofen,布洛芬,0.1g;0.2g;0.4g,g,NSAIDs,血液系统用药,Ibuprofen,BLF,芬必得,0.2-0.6g,,tid,,po,发热;疼痛;炎症,活动性消化性溃疡;阿司匹林哮喘;妊娠末期,胃肠道反应;肾功能损害;心血管事件,华法林;阿司匹林;ACE抑制剂,,,,,tid,,,
hematology.ts,naproxen,萘普生,0.125g;0.25g,g,NSAIDs,血液系统用药,Naproxen,NPS,萘普生片,0.25-0.5g,,bid,,po,类风湿关节炎;骨关节炎;痛风;疼痛,活动性消化性溃疡;阿司匹林哮喘;妊娠末期;心脏手术,胃肠道反应;心血管事件;肾功能损害,华法林;阿司匹林;ACE抑制剂,,,,,bid,,,
hematology.ts,diclofenac,双氯芬酸,25mg;50mg;75mg,mg,NSAIDs,血液系统用药,Diclofenac,SLFS,扶他林,50-150mg,,bid,,po,类风湿关节炎;骨关节炎;强直性脊柱炎,活动性消化性溃疡;阿司匹林哮喘;心脏手术,胃肠道反应;肝毒性;心血管事件,华法林;阿司匹林;锂剂,,,,,bid,tid,,
hematology.ts,ferrous_gluconate,葡萄糖酸亚铁,0.3g/片(含铁35mg),g,血液系统药物/铁剂,血液系统用药,Ferrous Gluconate,PTTSYT,葡萄糖酸亚铁片,0.3g,,tid,,po,缺铁性贫血,溶血性贫血、铁负荷过重禁用,胃肠道反应较硫酸亚铁轻,与抗酸药间隔服用,,,,,tid,,,
hematology.ts,iron_dextran,右旋糖酐铁,50mg/ml,mg,血液系统药物/注射铁剂,血液系统用药,Iron Dextran,YXTGT,右旋糖酐铁注射液,100-200mg,,qw,,im/iv,口服铁剂无效或不耐受的缺铁性贫血,急性感染、铁负荷过重禁用,过敏反应、注射部位疼痛,首剂试验剂量,,,,,qw,biw,,
hematology.ts,iron_sucrose,蔗糖铁,100mg/支,mg,血液系统药物/注射铁剂,血液系统用药,Iron Sucrose,ZTT,维乐福,100-200mg,,qw,,iv,血液透析患者缺铁性贫血,铁负荷过重禁用,低血压、过敏反应,较右旋糖酐铁过敏反应少,,,,,qw,biw,tiw,
hematology.ts,ferric_citrate,枸橼酸铁,210mg/片,mg,血液系统药物/铁剂,血液系统用药,Ferric Citrate,JYST,枸橼酸铁片,210mg,,tid,,po,缺铁性贫血、高磷血症,铁负荷过重禁用,便秘、腹泻,与抗酸药间隔服用,,,,,tid,,,
hematology.ts,ferric_carboxymaltose,羧基麦芽糖铁,500mg/支,mg,血液系统药物/注射铁剂,血液系统用药,Ferric Carboxymaltose,SJMYTT,菲普利,500-1000mg,,qw,,iv,口服铁剂无效的缺铁性贫血,铁负荷过重禁用,低血压、过敏反应,较右旋糖酐铁安全,,,,,qw,,,
hematology.ts,tranexamic_acid,氨甲环酸,0.5g/支,g,血液系统药物/抗纤溶药,血液系统用药,Tranexamic Acid,AJHS,氨甲环酸注射液,1g,,q8h,,iv,外伤出血、手术出血,血栓形成倾向禁用,血栓形成,与凝血酶合用协同,,,,,q8h,,,
hematology.ts,aminocaproic_acid,氨基己酸,2g/支,g,血液系统药物/抗纤溶药,血液系统用药,Aminocaproic Acid,AJJS,氨基己酸注射液,4-5g,,once,,iv,纤溶亢进性出血,血栓形成倾向、DIC禁用,血栓形成、肌病,与雌激素合用增加血栓风险,,,,,once,,,
hematology.ts,aprotinin,抑肽酶,10000KIU/ml,KIU,血液系统药物/蛋白酶抑制剂,血液系统用药,Aprotinin,YTM,抑肽酶注射液,200万KIU,,once,,iv,心脏手术出血预防,对抑肽酶过敏者禁用,过敏反应、血栓形成,首次使用需做过敏试验,,,,,once,,,
hematology.ts,carbazochrome,卡巴克洛,10mg/ml,mg,血液系统药物/止血药,血液系统用药,Carbazochrome,KBKL,安络血注射液,10-20mg,,bid,,im,毛细血管性出血,血栓性疾病禁用,局部刺激,与其他止血药合用协同,,,,,bid,tid,,
hematology.ts,etamsylate,酚磺乙胺,0.25g/ml,g,血液系统药物/止血药,血液系统用药,Etamsylate,FHYA,止血敏注射液,0.25-0.5g,,bid,,im/iv,毛细血管性出血,血栓性疾病禁用,头痛、皮疹,与其他止血药合用协同,,,,,bid,tid,,
hematology.ts,erythropoietin,重组人促红素,3000IU/支,IU,血液系统药物/造血生长因子,血液系统用药,Epoetin alfa,CZRCHS,益比奥,3000-10000IU,,tiw,,sc,肾性贫血、化疗相关性贫血,未控制的高血压、对EPO过敏者禁用,高血压、血栓、纯红细胞再生障碍,铁剂联用增强疗效,监测血红蛋白,C,CKD患者可用,正常剂量,tiw,,,
neurology.ts,phenytoin,苯妥英钠,0.1g/片,g,神经系统药物/抗癫痫药,神经系统用药,Phenytoin,BTYN,大仑丁,0.2-0.4g,,qd,,po,癫痫大发作、局灶性发作,窦性心动过缓、房室传导阻滞禁用,牙龈增生、共济失调、皮疹,"CYP450诱导剂,降低多种药物疗效",,,,,qd,bid,tid,
neurology.ts,carbamazepine,卡马西平,0.2g/片,g,神经系统药物/抗癫痫药,神经系统用药,Carbamazepine,KMXP,得理多,0.6-1.2g,,bid,,po,癫痫部分性发作、三叉神经痛,房室传导阻滞、骨髓抑制禁用,嗜睡、头晕、低钠血症、皮疹,CYP3A4诱导剂,,,,,bid,tid,,
neurology.ts,levetiracetam,左乙拉西坦,0.25g;0.5g/片,g,神经系统药物/抗癫痫药,神经系统用药,Levetiracetam,ZYLXT,开浦兰,1-3g,,bid,,po,癫痫部分性发作、全面性发作,严重肾功能不全需调整剂量,嗜睡、乏力、行为改变,无明显药物相互作用,,,,,bid,,,
neurology.ts,lamotrigine,拉莫三嗪,25mg;50mg;100mg/片,mg,神经系统药物/抗癫痫药,神经系统用药,Lamotrigine,LMSQ,利必通,100-400mg,,qd,,po,癫痫、双相情感障碍,对拉莫三嗪过敏者禁用,Stevens-Johnson综合征、皮疹,与丙戊酸合用减量,,,,,qd,bid,,
neurology.ts,oxcarbazepine,奥卡西平,0.3g/片,g,神经系统药物/抗癫痫药,神经系统用药,Oxcarbazepine,AKXP,曲莱,0.9-2.4g,,bid,,po,癫痫部分性发作,房室传导阻滞禁用,低钠血症、嗜睡、头晕,CYP450诱导剂,,,,,bid,,,
neurology.ts,levodopa,左旋多巴,250mg/片,g,神经系统药物/抗帕金森病药,神经系统用药,Levodopa,ZXDB,美多巴(左旋多巴+苄丝肼),0.5-1.5g,,tid,,po,帕金森病,闭角型青光眼、精神病禁用,运动并发症、恶心、直立性低血压,与维生素B6拮抗,,,,,tid,qid,,
neurology.ts,carbidopa,卡比多巴,25mg/片(复方),mg,神经系统药物/抗帕金森病药,神经系统用药,Carbidopa,KBDB,息宁(卡比多巴+左旋多巴),75-200mg,,tid,,po,帕金森病,闭角型青光眼禁用,运动障碍、幻觉、低血压,与左旋多巴联用,,,,,tid,qid,,
neurology.ts,pramipexole,普拉克索,0.25mg;1mg/片,mg,神经系统药物/抗帕金森病药,神经系统用药,Pramipexole,PLKS,米拉帕,1.5-4.5mg,,tid,,po,帕金森病、不宁腿综合征,严重肾功能不全慎用,嗜睡、突然入睡、幻觉、水肿,西咪替丁增加血药浓度,,,,,tid,,,
neurology.ts,selegiline,司来吉兰,5mg/片,mg,神经系统药物/抗帕金森病药,神经系统用药,Selegiline,SLJL,思吉宁,5-10mg,,qd,,po,帕金森病,与SSRI/三环类抗抑郁药合用禁忌,失眠、头晕、恶心,MAO-B抑制剂,,,,,qd,bid,,
neurology.ts,amantadine,金刚烷胺,0.1g/片,g,神经系统药物/抗帕金森病药,神经系统用药,Amantadine,JGWA,盐酸金刚烷胺片,0.2-0.3g,,bid,,po,帕金森病、流感A预防,癫痫、胃溃疡禁用,失眠、幻觉、网状青斑,抗胆碱能药增加不良反应,,,,,bid,,,
neurology.ts,diazepam,地西泮,2.5mg;5mg/片,mg,神经系统药物/苯二氮䓬类,神经系统用药,Diazepam,DXP,安定,5-10mg,,qd,,po,焦虑、失眠、癫痫持续状态,重症肌无力、急性闭角型青光眼禁用,嗜睡、依赖性、呼吸抑制,与阿片类合用增加呼吸抑制,,,,,qd,bid,tid,
neurology.ts,estazolam,艾司唑仑,1mg;2mg/片,mg,神经系统药物/苯二氮䓬类,神经系统用药,Estazolam,ASZL,舒乐安定,1-2mg,,qhs,,po,失眠,重症肌无力、呼吸衰竭禁用,嗜睡、依赖性、认知障碍,与CNS抑制剂合用增强作用,,,,,qhs,,,
neurology.ts,zolpidem,唑吡坦,10mg/片,mg,神经系统药物/非苯二氮䓬类催眠药,神经系统用药,Zolpidem,ZBT,思诺思,5-10mg,,qhs,,po,失眠,重症肌无力、呼吸衰竭禁用,梦游、依赖性(较轻)、头晕,与CYP3A4抑制剂合用增加血药浓度,,,,,qhs,,,
neurology.ts,zopiclone,佐匹克隆,7.5mg/片,mg,神经系统药物/非苯二氮䓬类催眠药,神经系统用药,Zopiclone,ZPKL,忆梦返,7.5mg,,qhs,,po,失眠,重症肌无力、呼吸衰竭禁用,苦味、口干、依赖性(较轻),与CNS抑制剂合用增强作用,,,,,qhs,,,
neurology.ts,donepezil,多奈哌齐,5mg;10mg/片,mg,神经系统药物/胆碱酯酶抑制剂,神经系统用药,Donepezil,DNPQ,安理申,5-10mg,,qd,,po,轻中度阿尔茨海默病,对哌啶类过敏者禁用,恶心、腹泻、肌肉痉挛,与抗胆碱药拮抗,,,,,qd,,,
neurology.ts,memantine,美金刚,10mg/片,mg,神经系统药物/NMDA受体拮抗剂,神经系统用药,Memantine,MJG,易倍申,10-20mg,,qd,,po,中重度阿尔茨海默病,严重肾功能不全慎用,头晕、头痛、便秘,尿液碱化增加血药浓度,,,,,qd,bid,,
neurology.ts,rivastigmine,卡巴拉汀,1.5mg;3mg;4.5mg;6mg/粒,mg,神经系统药物/胆碱酯酶抑制剂,神经系统用药,Rivastigmine,KBLT,艾斯能,6-12mg,,bid,,po,轻中度阿尔茨海默病、帕金森病痴呆,对氨基甲酸酯过敏者禁用,恶心、呕吐、腹泻,与抗胆碱药拮抗,,,,,bid,,,
neurology.ts,zaleplon,扎来普隆,5mg;10mg/粒,mg,神经系统药物/非苯二氮䓬类催眠药,神经系统用药,Zaleplon,ZLPL,扎来普隆胶囊,5-10mg,,qhs,,po,失眠,重症肌无力禁用,头晕、嗜睡,CYP3A4底物,,,,,qhs,,,
neurology.ts,alprazolam,阿普唑仑,0.4mg;0.8mg/片,mg,神经系统药物/苯二氮䓬类,神经系统用药,Alprazolam,APZL,佳静安定,0.4-2.4mg,,bid,,po,焦虑症、惊恐障碍,急性闭角型青光眼、重症肌无力禁用,嗜睡、依赖性,与CYP3A4抑制剂合用增加血药浓度,,,,,bid,tid,,
neurology.ts,lorazepam,劳拉西泮,1mg;2mg/片,mg,神经系统药物/苯二氮䓬类,神经系统用药,Lorazepam,LLXP,罗拉,2-6mg,,bid,,po,焦虑症,急性闭角型青光眼、重症肌无力禁用,嗜睡、依赖性,与CNS抑制剂合用增强作用,,,,,bid,tid,,
neurology.ts,valproate,丙戊酸钠,0.2g,g,神经系统药物/抗癫痫药,神经系统用药,Valproate,BWSN,德巴金,0.6-2g,,bid,,po,各型癫痫、双相情感障碍,肝病、线粒体疾病禁用,肝毒性、高氨血症、体重增加、脱发,诱导肝酶,监测肝功能和血药浓度50-100μg/ml,D,正常剂量,肝功能不全禁用,bid,tid,,
musculoskeletal.ts,allopurinol,别嘌醇,0.1g/片,g,骨骼肌肉系统药物/抗痛风药,骨骼肌肉系统用药,Allopurinol,BPC,别嘌醇片,0.2-0.3g,,bid,,po,痛风、高尿酸血症,急性痛风发作期禁用,过敏反应、Stevens-Johnson综合征、肝毒性,与硫唑嘌呤合用需减量,,,,,bid,tid,,
musculoskeletal.ts,colchicine,秋水仙碱,0.5mg/片,mg,骨骼肌肉系统药物/抗痛风药,骨骼肌肉系统用药,Colchicine,QSXJ,秋水仙碱片,0.5-1mg,,q1-2h,,po,急性痛风性关节炎,严重肾功能不全、骨髓抑制禁用,腹泻、恶心、骨髓抑制,与CYP3A4抑制剂合用增加毒性,,,,,q1-2h,,,
musculoskeletal.ts,febuxostat,非布司他,40mg;80mg/片,mg,骨骼肌肉系统药物/抗痛风药,骨骼肌肉系统用药,Febuxostat,FBST,优立通,40-80mg,,qd,,po,痛风、高尿酸血症,正在接受硫唑嘌呤治疗者禁用,肝酶升高、皮疹、心血管事件,与硫唑嘌呤、巯嘌呤禁用,,,,,qd,,,
musculoskeletal.ts,benzbromarone,苯溴马隆,50mg/片,mg,骨骼肌肉系统药物/抗痛风药,骨骼肌肉系统用药,Benzbromarone,BXML,立加利仙,50-100mg,,qd,,po,痛风、高尿酸血症,严重肾功能不全、肝功能不全禁用,肝毒性、尿路结石,与阿司匹林拮抗,,,,,qd,,,
musculoskeletal.ts,methotrexate,甲氨蝶呤,2.5mg/片,mg,骨骼肌肉系统药物/DMARDs,骨骼肌肉系统用药,Methotrexate,JADL,甲氨蝶呤片,7.5-25mg,,qw,,po,类风湿关节炎、银屑病关节炎,孕妇、活动性感染、骨髓抑制禁用,骨髓抑制、肝毒性、肺炎,与NSAIDs合用增加毒性,,,,,qw,,,
musculoskeletal.ts,hydroxychloroquine,羟氯喹,0.1g;0.2g/片,g,骨骼肌肉系统药物/DMARDs,骨骼肌肉系统用药,Hydroxychloroquine,QLK,纷乐,0.2-0.4g,,qd,,po,类风湿关节炎、系统性红斑狼疮,视网膜病变、G6PD缺乏禁用,视网膜毒性、心脏毒性,与地高辛合用增加地高辛浓度,,,,,qd,bid,,
musculoskeletal.ts,sulfasalazine,柳氮磺吡啶,0.25g;0.5g/片,g,骨骼肌肉系统药物/DMARDs,骨骼肌肉系统用药,Sulfasalazine,LDHBD,柳氮磺吡啶肠溶片,2-3g,,tid,,po,类风湿关节炎、溃疡性结肠炎,磺胺过敏、G6PD缺乏禁用,胃肠道反应、皮疹、血液学异常,与叶酸拮抗,,,,,tid,qid,,
musculoskeletal.ts,leflunomide,来氟米特,10mg;20mg/片,mg,骨骼肌肉系统药物/DMARDs,骨骼肌肉系统用药,Leflunomide,LFMT,爱若华,10-20mg,,qd,,po,类风湿关节炎、银屑病关节炎,孕妇、严重肝功能不全禁用,腹泻、肝毒性、高血压,与华法林合用增加INR,,,,,qd,,,
musculoskeletal.ts,alendronate,阿仑膦酸钠,70mg/片,mg,骨骼肌肉系统药物/双膦酸盐,骨骼肌肉系统用药,Alendronate,ALLSN,福善美,70mg,,qw,,po,骨质疏松症、Paget病,食管疾病、低钙血症禁用,食管炎、肌肉骨骼疼痛、颌骨坏死,与钙剂、抗酸药同服降低吸收,,,,,qw,,,
musculoskeletal.ts,teriparatide,特立帕肽,20μg/支,μg,骨骼肌肉系统药物/甲状旁腺激素类似物,骨骼肌肉系统用药,Teriparatide,TLPT,复泰奥,20μg,,qd,,sc,骨质疏松症,骨肿瘤、Paget病、高钙血症禁用,头晕、腿痉挛、高钙血症,与地高辛合用需监测地高辛,,,,,qd,,,
musculoskeletal.ts,calcitonin,降钙素,50IU;100IU/支,IU,骨骼肌肉系统药物/降钙素,骨骼肌肉系统用药,Calcitonin,JGS,密钙息,100IU,,qd,,im/nasal,骨质疏松症、Paget病、高钙血症,对降钙素过敏者禁用,恶心、面部潮红、鼻炎(鼻喷),与双膦酸盐联用需监测,,,,,qd,qod,,
musculoskeletal.ts,risedronate,利塞膦酸钠,5mg;35mg;75mg;150mg,mg,双膦酸盐,骨骼肌肉系统用药,Risedronate,LSLSN,雅维,5mg每日或35mg每周,,qd,,po,骨质疏松症;佩吉特病,食管异常;低钙血症;严重肾功能不全,食管炎;流感样症状;关节痛,钙剂;抗酸剂,,,,,qd,qw,,
musculoskeletal.ts,denosumab,地舒单抗,60mg/ml(1ml),mg,RANKL抑制剂,骨骼肌肉系统用药,Denosumab,DSDK,普罗力,60mg,,q6m,,sc,骨质疏松症;骨巨细胞瘤;恶性肿瘤骨转移,低钙血症;妊娠,低钙血症;感染风险增加;颌骨坏死,免疫抑制剂,,,,,q6m,,,
musculoskeletal.ts,ibandronate,伊班膦酸,150mg/片,mg,骨骼肌肉系统药物/双膦酸盐,骨骼肌肉系统用药,Ibandronic Acid,YBLS,邦罗力,150mg,,qmo,,po,骨质疏松症,食管疾病、低钙血症禁用,食管炎、肌肉骨骼疼痛,与钙剂、抗酸药同服降低吸收,"晨起空腹,直立60分钟",C,CrCl<30慎用,正常剂量,qmo,,,
musculoskeletal.ts,zoledronate,唑来膦酸,5mg/支,mg,骨骼肌肉系统药物/双膦酸盐,骨骼肌肉系统用药,Zoledronic Acid,ZLLS,择泰,5mg,,qy,,iv,骨质疏松症、肿瘤骨转移,CrCl<35、低钙血症禁用,急性期反应、肾毒性、颌骨坏死,与氨基糖苷类合用增加低钙风险,输注时间≥15分钟,D,CrCl<35禁用,正常剂量,qy,,,
obstetrics-gynecology.ts,oxytocin,缩宫素,10IU/ml,IU,妇产科用药/子宫收缩药,妇产科用药,Oxytocin,SGS,催产素注射液,2.5-5IU,,titrate,,ivgtt/im,引产、产后出血,胎位不正、骨盆狭窄禁用,子宫过度收缩、水中毒,与前列腺素合用需谨慎,,,,,titrate,,,
obstetrics-gynecology.ts,carbetocin,卡贝缩宫素,100μg/ml,μg,妇产科用药/子宫收缩药,妇产科用药,Carbetocin,KBSGS,卡贝缩宫素注射液,100μg,,once,,iv,剖宫产后预防出血,妊娠、癫痫禁用,恶心、腹痛、潮红,与其他缩宫素合用增强作用,,,,,once,,,
obstetrics-gynecology.ts,ergometrine,麦角新碱,0.2mg/ml,mg,妇产科用药/子宫收缩药,妇产科用药,Ergonovine,MJXJ,麦角新碱注射液,0.2mg,,prn,,im/iv,产后出血、子宫复旧,妊娠、高血压、心脏病禁用,高血压、恶心、头痛,与血管收缩药合用禁忌,麦角类子宫收缩剂,X,正常剂量,正常剂量,prn,,,
emergency-anesthesia.ts,morphine,吗啡,10mg;30mg/片,mg,麻醉性镇痛药/阿片类,麻醉和急救用药,Morphine,MF,硫酸吗啡片,10-30mg,,q4h,,po,中重度疼痛,呼吸抑制、麻痹性肠梗阻禁用,便秘、恶心、呼吸抑制、成瘾,与CNS抑制剂合用增加呼吸抑制,,,,,q4h,,,
emergency-anesthesia.ts,hydromorphone,氢吗啡酮,2mg/ml,mg,麻醉性镇痛药/阿片类,麻醉和急救用药,Hydromorphone,QMFT,氢吗啡酮注射液,1-2mg,,q4h,,sc/iv,中重度急性疼痛,呼吸抑制、麻痹性肠梗阻禁用,便秘、恶心、呼吸抑制、成瘾,与CNS抑制剂合用增加呼吸抑制,,,,,q4h,q6h,,
emergency-anesthesia.ts,oxycodone,羟考酮,5mg;10mg;20mg/片,mg,麻醉性镇痛药/阿片类,麻醉和急救用药,Oxycodone,QKT,奥施康定,10-40mg,,q12h,,po,中重度疼痛,呼吸抑制、麻痹性肠梗阻禁用,便秘、恶心、呼吸抑制、成瘾,与CYP3A4抑制剂合用增加血药浓度,,,,,q12h,,,
emergency-anesthesia.ts,ketamine,氯胺酮,50mg/ml,mg/kg,麻醉药/解离性麻醉药,麻醉和急救用药,Ketamine,LAT,盐酸氯胺酮注射液,1-2mg/kg,,once,,iv/im,诱导麻醉、镇痛,高血压、颅内压增高禁用,幻觉、恶梦、血压升高,与苯二氮䓬类合用减少幻觉,,,,,once,,,
emergency-anesthesia.ts,midazolam,咪达唑仑,5mg/ml,mg/kg,麻醉药/苯二氮䓬类,麻醉和急救用药,Midazolam,MDZL,咪达唑仑注射液,0.05-0.1mg/kg,,once,,iv,麻醉前用药、镇静,重症肌无力、急性闭角型青光眼禁用,呼吸抑制、低血压,与阿片类合用增加呼吸抑制,,,,,once,,,
emergency-anesthesia.ts,propofol,丙泊酚,10mg/ml,mg/kg,麻醉药/静脉麻醉药,麻醉和急救用药,Propofol,BPF,得普利麻,2-2.5mg/kg,,once,,iv,全身麻醉诱导和维持,对大豆或鸡蛋过敏者禁用,低血压、呼吸抑制、注射痛,与阿片类合用增强麻醉效果,,,,,once,,,
emergency-anesthesia.ts,sevoflurane,七氟烷,吸入,%,麻醉药/吸入麻醉药,麻醉和急救用药,Sevoflurane,QFW,舒更,2-3%,,continuous,,inh,全身麻醉,恶性高热家族史禁用,恶心、呼吸抑制,与肌松药合用增强肌松作用,,,,,continuous,,,
emergency-anesthesia.ts,enflurane,恩氟烷,吸入,%,麻醉药/吸入麻醉药,麻醉和急救用药,Enflurane,EFW,恩氟烷,1.5-3%,,continuous,,inh,全身麻醉,癫痫患者慎用,肝毒性、肾毒性,与肌松药合用增强肌松作用,,,,,continuous,,,
emergency-anesthesia.ts,rocuronium,罗库溴铵,10mg/ml,mg/kg,麻醉药/非去极化肌松药,麻醉和急救用药,Rocuronium,LKXA,罗库溴铵注射液,0.6mg/kg,,once,,iv,气管插管、手术肌松,重症肌无力禁用,过敏反应、延长肌松,与氨基糖苷类合用增强肌松,,,,,once,,,
emergency-anesthesia.ts,atracurium,阿曲库铵,10mg/ml,mg/kg,麻醉药/非去极化肌松药,麻醉和急救用药,Atracurium,AQKA,阿曲库铵注射液,0.5mg/kg,,once,,iv,气管插管、手术肌松,重症肌无力禁用,组胺释放、低血压,Hofmann消除,,,,,once,,,
emergency-anesthesia.ts,vecuronium,维库溴铵,4mg/支,mg/kg,麻醉药/非去极化肌松药,麻醉和急救用药,Vecuronium,WKXA,维库溴铵注射液,0.08-0.1mg/kg,,once,,iv,气管插管、手术肌松,重症肌无力禁用,延长肌松,与氨基糖苷类合用增强肌松,,,,,once,,,
emergency-anesthesia.ts,naloxone,纳洛酮,0.4mg/ml,mg,急救药/阿片受体拮抗剂,麻醉和急救用药,Naloxone,NLT,盐酸纳洛酮注射液,0.4-2mg,,prn,,iv/im,阿片类药物过量、中毒,对纳洛酮过敏者禁用,戒断综合征、恶心,拮抗阿片类药物作用,,,,,prn,,,
emergency-anesthesia.ts,flumazenil,氟马西尼,0.1mg/ml,mg,急救药/苯二氮䓬拮抗剂,麻醉和急救用药,Flumazenil,FMXN,氟马西尼注射液,0.2mg,,prn,,iv,苯二氮䓬类药物过量,癫痫患者禁用,癫痫发作、恶心,拮抗苯二氮䓬类作用,,,,,prn,,,
emergency-anesthesia.ts,sodium_thiosulfate,硫代硫酸钠,10g/支,g,解毒药/氰化物解毒剂,麻醉和急救用药,Sodium Thiosulfate,LDLSN,硫代硫酸钠注射液,12.5g,,once,,iv,氰化物中毒,无禁忌症,恶心、低血压,与亚硝酸盐联用,,,,,once,,,
emergency-anesthesia.ts,sodium_nitrite,亚硝酸钠,0.3g/支,mg,解毒药/氰化物解毒剂,麻醉和急救用药,Sodium Nitrite,YXSN,亚硝酸钠注射液,300mg,,once,,iv,氰化物中毒,高铁血红蛋白血症禁用,高铁血红蛋白血症、低血压,与硫代硫酸钠联用,,,,,once,,,
emergency-anesthesia.ts,pralidoxime,氯解磷定,0.5g/支,g,解毒药/胆碱酯酶复活剂,麻醉和急救用药,Pralidoxime,LJLD,氯解磷定注射液,0.5-1g,,q4h,,iv/im,有机磷农药中毒,对氯解磷定过敏者禁用,头晕、心动过速,与阿托品联用,,,,,q4h,q6h,,
emergency-anesthesia.ts,sodium_chloride,氯化钠,0.9%/100ml;0.9%/250ml;0.9%/500ml,ml,电解质补充剂/钠盐,麻醉和急救用药,Sodium Chloride,LHN,氯化钠注射液,按需,,continuous,,iv,脱水、电解质紊乱,高钠血症、水肿禁用,高钠血症、水钠潴留,与强心苷合用需监测,,,,,continuous,,,
emergency-anesthesia.ts,potassium_chloride,氯化钾,10%/10ml,mEq,电解质补充剂/钾盐,麻醉和急救用药,Potassium Chloride,LHJ,氯化钾注射液,10-40mEq,,slow-infusion,,iv,低钾血症,高钾血症、肾衰竭禁用,高钾血症、心律失常,输注速度<20mEq/h,,,,,slow-infusion,,,
emergency-anesthesia.ts,magnesium_sulfate,硫酸镁,10%/10ml;25%/10ml,g,电解质补充剂/镁盐,麻醉和急救用药,Magnesium Sulfate,LSM,硫酸镁注射液,1-2g,,slow-infusion,,iv,低镁血症、子痫前期,肾功能不全、心脏传导阻滞禁用,潮红、低血压、呼吸抑制,监测镁浓度,,,,,slow-infusion,,,
emergency-anesthesia.ts,sodium_bicarbonate,碳酸氢钠,5%/100ml;5%/250ml,ml,电解质补充剂/碱性药,麻醉和急救用药,Sodium Bicarbonate,TSQN,碳酸氢钠注射液,按需,,continuous,,iv,代谢性酸中毒,代谢性碱中毒、低钙血症禁用,代谢性碱中毒、高钠血症,监测血气和电解质,,,,,continuous,,,
emergency-anesthesia.ts,activated_charcoal,活性炭,0.25g/片,g,解毒药/肠道吸附剂,麻醉和急救用药,Activated Charcoal,HXT,活性炭片,1-2g,,tid,,po,腹泻、中毒解毒,肠梗阻禁用,便秘、黑便,影响其他药物吸收,,,,,tid,qid,,
emergency-anesthesia.ts,epinephrine,肾上腺素,1mg/ml,mg,急救药/拟肾上腺素药,麻醉和急救用药,Epinephrine,SSXS,盐酸肾上腺素注射液,1mg,,prn,,iv,心脏骤停、过敏性休克,高血压危象、心动过速禁用,心律失常、高血压,与β受体阻滞剂拮抗,α和β受体激动剂,C,正常剂量,正常剂量,prn,,,
emergency-anesthesia.ts,norepinephrine,去甲肾上腺素,2mg/ml,μg/kg/min,急救药/拟肾上腺素药,麻醉和急救用药,Norepinephrine,QJSSXS,重酒石酸去甲肾上腺素注射液,0.1-0.5μg/kg/min,,continuous,,iv,休克、低血压,高血压、甲亢禁用,心律失常、外渗坏死,与MAOIs合用禁忌,α受体激动剂,C,正常剂量,正常剂量,continuous,,,
urology.ts,solifenacin,索利那新,5mg;10mg/片,mg,泌尿系统药物/抗胆碱药,泌尿系统用药,Solifenacin,SLNX,卫喜康,5-10mg,,qd,,po,膀胱过度活动症,尿潴留、胃潴留、未控制的闭角型青光眼禁用,口干、便秘、视力模糊,与CYP3A4抑制剂合用需减量,,,,,qd,,,
urology.ts,tolterodine,托特罗定,2mg;4mg/片,mg,泌尿系统药物/抗胆碱药,泌尿系统用药,Tolterodine,TTLD,托特罗定片,2-4mg,,bid,,po,膀胱过度活动症,尿潴留、胃潴留禁用,口干、便秘、头痛,CYP3A4和2D6底物,,,,,bid,,,
urology.ts,tamsulosin,坦索罗辛,0.2mg/粒,mg,泌尿系统药物/α1受体阻滞剂,泌尿系统用药,Tamsulosin,TSLX,哈乐,0.2mg,,qd,,po,良性前列腺增生,体位性低血压禁用,头晕、直立性低血压、逆行射精,与PDE5抑制剂合用需谨慎,,,,,qd,,,
urology.ts,terazosin,特拉唑嗪,2mg;5mg/片,mg,泌尿系统药物/α1受体阻滞剂,泌尿系统用药,Terazosin,TLZQ,高特灵,5-10mg,,qd,,po,良性前列腺增生、高血压,对喹唑啉类过敏者禁用,头晕、乏力、直立性低血压,与PDE5抑制剂合用需谨慎,,,,,qd,,,
urology.ts,finasteride,非那雄胺,5mg/片,mg,泌尿系统药物/5α还原酶抑制剂,泌尿系统用药,Finasteride,FNXA,保法止,5mg,,qd,,po,良性前列腺增生,孕妇禁用,性功能障碍、男性乳房发育,与α受体阻滞剂联用协同作用,,,,,qd,,,
urology.ts,dutasteride,度他雄胺,0.5mg/粒,mg,泌尿系统药物/5α还原酶抑制剂,泌尿系统用药,Dutasteride,DTXA,适尿通,0.5mg,,qd,,po,良性前列腺增生,孕妇、儿童禁用,性功能障碍、男性乳房发育,与CYP3A4抑制剂合用增加血药浓度,,,,,qd,,,
ophthalmology.ts,timolol,噻吗洛尔,0.5%/5ml,ml,眼科用药/β受体阻滞剂,眼科用药,Timolol,SMLE,噻吗洛尔滴眼液,1滴,,bid,,oph,青光眼、高眼压症,哮喘、心动过缓禁用,眼部刺激、心动过缓,与全身β受体阻滞剂合用增强作用,,,,,bid,,,
ophthalmology.ts,latanoprost,拉坦前列素,50μg/ml,ml,眼科用药/前列腺素类似物,眼科用药,Latanoprost,LTQLS,适利达,1滴,,qd,,oph,开角型青光眼、高眼压症,对拉坦前列素过敏者禁用,虹膜色素沉着、睫毛生长,与含硫柳汞眼药水间隔15分钟,,,,,qd,,,
ophthalmology.ts,brinzolamide,布林佐胺,1%/5ml,ml,眼科用药/碳酸酐酶抑制剂,眼科用药,Brinzolamide,BLZA,派立明,1滴,,bid,,oph,开角型青光眼、高眼压症,严重肾功能不全、高氯性酸中毒禁用,苦味、视物模糊,与口服碳酸酐酶抑制剂合用增强作用,,,,,bid,,,
ophthalmology.ts,dorzolamide,多佐胺,2%/5ml,ml,眼科用药/碳酸酐酶抑制剂,眼科用药,Dorzolamide,DZA,多佐胺滴眼液,1滴,,tid,,oph,开角型青光眼、高眼压症,严重肾功能不全禁用,苦味、眼部刺激,与口服CAI合用增强作用,,,,,tid,,,
ophthalmology.ts,tropicamide,托吡卡胺,0.5%;1%/5ml,ml,眼科用药/散瞳药,眼科用药,Tropicamide,TBKA,美多丽,1-2滴,,prn,,oph,散瞳验光、眼底检查,闭角型青光眼禁用,视物模糊、畏光,与抗胆碱药合用增强作用,,,,,prn,,,
ophthalmology.ts,atropine,阿托品,1%/5ml,ml,眼科用药/散瞳药,眼科用药,Atropine,ATP,硫酸阿托品滴眼液,1滴,,qd,,oph,散瞳验光、虹膜睫状体炎,闭角型青光眼禁用,视物模糊、畏光持续1-2周,与抗胆碱药合用增强作用,,,,,qd,bid,,
dermatology.ts,ketoconazole,酮康唑,2%/10g,次,皮肤科用药/抗真菌药,皮肤科用药,Ketoconazole,TKZ,酮康唑乳膏,外用,,qd,,top,皮肤真菌感染、脂溢性皮炎,对咪唑类过敏者禁用,局部刺激、过敏反应,无明显药物相互作用(外用),,,,,qd,bid,,
dermatology.ts,clotrimazole,克霉唑,1%/10g,次,皮肤科用药/抗真菌药,皮肤科用药,Clotrimazole,KMZ,克霉唑乳膏,外用,,bid,,top,皮肤真菌感染、念珠菌感染,对咪唑类过敏者禁用,局部刺激、过敏反应,无明显药物相互作用(外用),,,,,bid,tid,,
dermatology.ts,terbinafine,特比萘芬,1%/10g,次,皮肤科用药/抗真菌药,皮肤科用药,Terbinafine,TBNF,兰美抒,外用,,qd,,top,皮肤真菌感染、甲真菌病,对特比萘芬过敏者禁用,局部刺激、皮疹,无明显药物相互作用(外用),,,,,qd,bid,,
dermatology.ts,amorolfine,阿莫罗芬,5%/搽剂,次,皮肤科用药/抗真菌药,皮肤科用药,Amorolfine,AMLF,罗每乐,外用,,qw,,top,甲真菌病,对阿莫罗芬过敏者禁用,局部刺激,指甲穿透力强,,,,,qw,biw,,
dermatology.ts,mupirocin,莫匹罗星,2%/5g,次,皮肤科用药/抗菌药,皮肤科用药,Mupirocin,MPLX,百多邦,外用,,tid,,top,皮肤细菌感染、鼻腔金葡菌定植,对莫匹罗星过敏者禁用,局部刺激、过敏反应,无明显药物相互作用,,,,,tid,,,
otorhinolaryngology.ts,oxymetazoline,羟甲唑啉,0.05%/喷,喷,耳鼻喉科用药/鼻减充血剂,耳鼻喉科用药,Oxymetazoline,QJZL,达芬林,1-2喷,,q12h,,nasal,鼻充血、鼻炎,长期使用禁忌,反跳性充血、鼻黏膜干燥,不超过3-5天连续使用,,,,,q12h,,,
otorhinolaryngology.ts,xylometazoline,赛洛唑啉,0.1%/喷,喷,耳鼻喉科用药/鼻减充血剂,耳鼻喉科用药,Xylometazoline,SLZL,诺通,1-2喷,,q8h,,nasal,鼻充血,长期使用禁忌,反跳性充血、鼻黏膜干燥,不超过3-5天连续使用,,,,,q8-12h,,,
otorhinolaryngology.ts,triamcinolone,曲安奈德,55μg/喷,μg,耳鼻喉科用药/鼻用糖皮质激素,耳鼻喉科用药,Triamcinolone,QAND,曲安奈德鼻喷雾剂,220μg,,qd,,nasal,过敏性鼻炎,鼻腔感染禁用,鼻出血、头痛,长期使用需监测,,,,,qd,,,
psychiatry.ts,chlorpromazine,氯丙嗪,25mg;50mg;100mg/片,mg,神经系统药物/典型抗精神病药,精神神经系统用药,Chlorpromazine,LBQ,盐酸氯丙嗪片,200-600mg,,bid,,po,精神分裂症、躁狂症,昏迷、帕金森病禁用,锥体外系反应、直立性低血压,与CNS抑制剂合用增强作用,,,,,bid,tid,,
psychiatry.ts,haloperidol,氟哌啶醇,1.5mg;5mg/片,mg,神经系统药物/典型抗精神病药,精神神经系统用药,Haloperidol,FPDC,氟哌啶醇片,5-20mg,,bid,,po,精神分裂症、躁狂症,昏迷、帕金森病禁用,锥体外系反应、QT延长,CYP2D6和3A4底物,,,,,bid,tid,,
psychiatry.ts,perphenazine,奋乃静,2mg;4mg/片,mg,神经系统药物/典型抗精神病药,精神神经系统用药,Perphenazine,FNJ,奋乃静片,12-24mg,,bid,,po,精神分裂症,昏迷、帕金森病禁用,锥体外系反应、直立性低血压,与CNS抑制剂合用增强作用,,,,,bid,tid,,
psychiatry.ts,amitriptyline,阿米替林,25mg/片,mg,神经系统药物/三环类抗抑郁药,精神神经系统用药,Amitriptyline,AMTL,盐酸阿米替林片,75-150mg,,qd,,po,抑郁症、神经病理性疼痛,急性心肌梗死、青光眼、与MAOIs合用禁忌,口干、便秘、心律失常,CYP2D6底物,,,,,qd,bid,tid,
psychiatry.ts,imipramine,丙米嗪,25mg/片,mg,神经系统药物/三环类抗抑郁药,精神神经系统用药,Imipramine,BMQ,盐酸丙米嗪片,75-150mg,,qd,,po,抑郁症,急性心肌梗死、与MAOIs合用禁忌,口干、便秘、心律失常、体位性低血压,CYP2D6底物,,,,,qd,bid,tid,
psychiatry.ts,aripiprazole,阿立哌唑,5mg;10mg;15mg;20mg;30mg,mg,神经系统药物/非典型抗精神病药,精神神经系统用药,Aripiprazole,ALPZ,安律凡,10-30mg,,qd,,po,精神分裂症;双相情感障碍;抑郁症辅助治疗,昏迷,失眠;焦虑;恶心;静坐不能,CYP3A4抑制剂;CYP2D6抑制剂,可与或不与食物同服,C,正常剂量,肝功能损害时减量,qd,,,
psychiatry.ts,citalopram,西酞普兰,10mg;20mg;40mg,mg,神经系统药物/选择性5-HT再摄取抑制剂,精神神经系统用药,Citalopram,XTPL,喜普妙,20-40mg,,qd,,po,抑郁症,单胺氧化酶抑制剂;匹莫齐特;QT延长,恶心;口干;失眠;性功能障碍;QT延长,单胺氧化酶抑制剂;华法林;西咪替丁,可与或不与食物同服,C,正常剂量,肝功能损害时减量,qd,,,
psychiatry.ts,escitalopram,艾司西酞普兰,5mg;10mg;20mg,mg,神经系统药物/选择性5-HT再摄取抑制剂,精神神经系统用药,Escitalopram,ASXTPL,来士普,10-20mg,,qd,,po,抑郁症;广泛性焦虑症,单胺氧化酶抑制剂;匹莫齐特,恶心;失眠;性功能障碍,单胺氧化酶抑制剂;西咪替丁,可与或不与食物同服,C,正常剂量,肝功能损害时减量,qd,,,
psychiatry.ts,fluoxetine,氟西汀,10mg;20mg;40mg,mg,神经系统药物/选择性5-HT再摄取抑制剂,精神神经系统用药,Fluoxetine,FXT,百优解,20-80mg,,qd,,po,抑郁症;强迫症;贪食症;经前焦虑障碍,单胺氧化酶抑制剂;匹莫齐特;硫利达嗪,恶心;失眠;焦虑;性功能障碍,单胺氧化酶抑制剂;华法林;三环抗抑郁药,晨起服用,C,正常剂量,肝功能损害时减量,qd,,,
psychiatry.ts,mirtazapine,米氮平,15mg;30mg;45mg,mg,神经系统药物/NaSSA类抗抑郁药,精神神经系统用药,Mirtazapine,MDP,瑞美隆,15-45mg,,qd,,po,抑郁症,单胺氧化酶抑制剂,嗜睡;体重增加;食欲增加;口干,单胺氧化酶抑制剂;苯二氮䓬类,睡前服用,C,肾功能不全时减量,肝功能损害时减量,qd,,,
psychiatry.ts,paroxetine,帕罗西汀,20mg;30mg,mg,神经系统药物/选择性5-HT再摄取抑制剂,精神神经系统用药,Paroxetine,PLXT,赛乐特,20-60mg,,qd,,po,抑郁症;强迫症;焦虑症;社交恐惧症,单胺氧化酶抑制剂;匹莫齐特;硫利达嗪,恶心;头晕;失眠;性功能障碍;戒断症状,单胺氧化酶抑制剂;华法林;他莫昔芬,晨起服用避免突然停药,D,正常剂量,肝功能损害时减量,qd,,,
psychiatry.ts,quetiapine,喹硫平,25mg;100mg;200mg;300mg,mg,神经系统药物/非典型抗精神病药,精神神经系统用药,Quetiapine,KLP,思瑞康,300-800mg,,bid,,po,精神分裂症;双相情感障碍,严重心血管疾病;昏迷,嗜睡;体重增加;高血糖;血脂异常,CYP3A4抑制剂;抗高血压药,可与或不与食物同服,C,正常剂量,肝功能损害时减量,bid,,,
psychiatry.ts,sertraline,舍曲林,50mg;100mg,mg,神经系统药物/选择性5-HT再摄取抑制剂,精神神经系统用药,Sertraline,SQL,左洛复,50-200mg,,qd,,po,抑郁症;强迫症;焦虑症;PTSD,单胺氧化酶抑制剂;匹莫齐特,恶心;腹泻;失眠;性功能障碍,单胺氧化酶抑制剂;华法林;曲马多,可与食物同服,C,正常剂量,肝功能损害时减量,qd,,,
psychiatry.ts,venlafaxine,文拉法辛,37.5mg;75mg;150mg,mg,神经系统药物/5-HT和NE再摄取抑制剂,精神神经系统用药,Venlafaxine,WLFX,怡诺思,75-225mg,,qd,,po,抑郁症;广泛性焦虑症,单胺氧化酶抑制剂,恶心;头晕;失眠;血压升高;戒断症状,单胺氧化酶抑制剂;华法林,可与食物同服,C,肾功能不全时减量,肝功能损害时减量,qd,,,
pain-management.ts,meloxicam,美洛昔康,7.5mg;15mg/片,mg,解热镇痛药/NSAIDs,解热镇痛药,Meloxicam,MLXK,莫比可,7.5-15mg,,qd,,po,骨关节炎、类风湿关节炎,活动性消化性溃疡禁用,胃肠道不适,与阿司匹林合用增加溃疡风险,,,,,qd,,,
diagnostic.ts,tuberculin,结核菌素,5TU/0.1ml,ml,诊断用药/皮试抗原,诊断用药,Tuberculin PPD,JHJS,结核菌素纯蛋白衍生物,0.1ml,,single,,皮内注射,结核病筛查,活动性结核禁用,局部红肿,48-72小时读取结果,结核筛查,C,正常剂量,正常剂量,single,,,